五月天巴黎演唱会被指「真唱气息不稳」，如何从专业角度解读？与此前演唱会是否有不同？,gender,comments,likes,updated_time
嗷了一嗓子，玩了老命了。。后面一首歌唱的那叫一个惨不忍睹。。。要是每场都这么来，开不了几场就得歇了。,1,0,0,2023-12-18 07:42:01
只是忘了话筒在哪只手，不算假唱吧？要不你咬我啊,1,0,0,2023-12-15 04:00:23
搞得像这场跑调破音，国内没跑一样 ,-1,0,0,2023-12-15 00:59:06
一个学生之前考试能考90分，后来有人举报他作弊。于是他当着大家的面重做了一套，考了50分来证明自己之前没有作弊。,1,2,2,2023-12-14 01:03:03
我感觉五月天是台独这件事比假唱更严重哎。,1,0,1,2023-12-12 13:25:17
记得那是初中的时候，同学跟我说五月天的歌特别好听，于是周末去网吧通宵的时候百度搜索了五月天，从此走上了不归路,1,1,1,2023-12-12 12:04:50
乐队还要假唱真绝万万没想到这也能塌方。吉他都干脆不接电了是吧。真唱塌房不就是飞轮海，马上单飞开健身房还是直播带货。,1,0,0,2023-12-12 10:42:58
我为偶像的假唱买了单五月天真唱了。没真唱之前，粉丝们哭了。真唱之后，粉丝们哭得更厉害了。粉丝哭的不是买了票听假唱，也不是五月天不承认假唱，而是自己的青春自此破灭了。后青春期里，没有了诗，只剩下了欺骗。一、对于不少80后、90后来说，五月天不仅仅是一个乐队，更是青春的代名词之一。青葱的校园时光，谁的随身听、mp3里没有几首五月天的歌？亦或是年段大汇演，把《倔强》一次次推选成为班歌，整整齐齐站在校舞台上高唱着“我和我最后的倔强”。二十年过去，当年那群唱着《倔强》的少年，早已过了而立之年。在工作、生活、情感等多重压力下，他们选择用《你不是真正的快乐》和《伤心的人别听慢歌》来宣泄内心压抑的情绪，表达自己的不快乐。五月天的歌，之所以能够一次次被传唱、被喜爱，是因为那一字一句都唱到了80后90后的心坎里，唱出了80后90后最真实的精神状态。喜欢五月天，是不忘记自己的理想与梦想，是不丢失内心最真实的自己。五月天就如同孙悟空一样，守护着粉丝与歌迷心中尚未崩坏的地方。现如今，粉丝不得不在冬日里呐喊：金多虾！疯狂世界里，我才是那个憨人。二、回看整个假唱风波，深究会发现对于五月天真唱假唱的争议绝非空穴来风。在B站up主麦田农夫实测五月天演唱会音轨之前，早已有听过演唱会现场的粉丝和歌迷对五月天的声音提出了质疑，这种质疑声甚至可以追溯到疫情前。粉丝觉得五月天有假唱的嫌疑，请up主从专业性角度鉴定。up主实测鉴定，发现确实存在假唱。假唱，不是半开麦不是垫音，而是彻彻底底的对口型。五月天欲盖弥彰的黑白讲，换来的是更多粉丝为证偶像的清白，晒出了更多实拍视频，却进一步证实了假唱。为了有力回击，五月天宣布巴黎演唱会直播，可频频翻车的真唱和到不了的10拍E6，不像是自证清白，反倒像公开处刑的自曝。如今，不单单是主唱假唱，甚至曝出了其他乐队成员假弹。冰冻三尺，绝非一日之寒。五月天演唱会现场假唱假弹，已不再是单一场次的临时性行为，而是固定曲目假唱、一首歌里真假混唱、有计划有预演的长期行为。再一步步深挖之下，一场蓄谋已久的惊天大谎渐渐浮出水面。三、一年60场演唱会，在内地年吸金超30亿，连一个小小的官方应援棒都能卖出几千万业绩。看似疯狂的金额，其实大家都懂，疫情三年连五月天这样的明星乐队都饿趴了。不管是三年掏空了腰包，还是为此前签下的合同疯狂填坑，开演唱会赚钱这事它并没有错。你想赚钱，我想见你，本就是双赢。疫情三年的跨年夜，哪个粉丝不是蹲在电视前、电脑前，甚至捧着手机，跟着五月天一起唱歌、一起倒数。三年一场未开，还送上三场跨年演唱会，那空荡荡的体育馆，那座位上一根根排列整齐的应援棒，谁不想立刻插上翅膀飞到现场？不肯承认假唱，不仅仅是碍于被捧上神坛的偶像包袱，碍于好面子的大男子主义，更重要的是不愿意假一赔三。因为你们知道，真的赔不起。不管是台上的五月天，还是台下的工作人员，亦或是在幕后的经纪公司、主办方宁愿捂紧装满钱的钱袋子，宁愿开直播翻车连连，也要联合起来装作纯真疯狂开演唱会。哦不，如今的演唱会没有了唱，只剩下演。你们曾说“快乐很伟大”，想与我们一起高唱《笑忘歌》。现在的你们，只相信金钱才是第二人生的DNA。四、假唱并非不可原谅，不真诚才是最大的伤害。今年遍地都在开演唱会，唯独五月天最火热，甚至北京演唱会一票难求到官方都下场要求强实名。为什么五月天的演唱会这么火爆？熟悉五月天的粉丝一定不会忘记，五月天是怎么火的。没错，当年那个跑街头和校园巡演而火遍全国的五月天，靠的是他们超强的现场感染力，靠的是他们一首首歌声中的真挚。以前的演唱会，是短暂离开地球表面的快乐，是与五月天一起私奔到月球的放肆。如今的演唱会，是一张用谎言和虚伪精心编织的巨网，高举着青春和热血、想念和感动，等着粉丝歌迷自投罗网。你们嘴上说着“好好好想见到你“，要用一场完美的演唱给粉丝最美好的回忆。可完美不代表可以作假，不完美也不意味着不美好。花五百去伍佰的演唱会唱伍佰的歌给伍佰听，在状况频出的薛之谦“单口相声”演唱会上喊“退票”，哪怕是唱不上《离歌》高音的信（苏见信）、嗓音几乎嘶哑的汪峰，哪个粉丝又在乎这歌到底唱得完不完美呢？去他丫的完美！谁的人生是完美的？不完美的我又何需粉饰？五、这场假唱风波中最受伤的不是粉丝歌迷，也不是主办方，反而是五月天。无论官方最终的定论是真唱还是假唱（当然现在谁都知道真假），一个顶级乐队的专业度还能弥补回来，可丢失了信誉，就已经将撕开五月天高傲的外衣、拉下了华语音乐的神坛。我身边许多喜欢五月天的粉丝，知道五月天假唱后并没有表现出反感、痛恨，相反更多是惋惜和恨铁不成钢。惋惜的是五月天不自惜羽毛，不珍惜为了今天曾经付出的巨大努力和汗水。恨铁不成钢的是在这场公关危机下明明有更好的处理方式，偏偏选择了“死要面子活受罪”，硬生生把自己逼上了无法挽回的绝路。年少时的不服输、不认错，还叫倔强。即将知天命之年，还不服老、不认错，那只会令人抓狂。人要学会成长、要学会面对现实，成熟的一点就是接受自己的不完美和老去。所谓的大男孩，也不是常年靠留着鬓角过耳的长发、穿着大风衣、脚踩马丁靴就能叫做少年感的。真正的少年感来自的是内心对于生活的热爱、对于他人的真诚和对未来的憧憬。做好伪装、满脸奉承，那是被生活重压之下成年人才会用的招数啊！当五月天学会了伪装，就已经跟粉丝和歌迷脱离开了。听着五月天长大的80后、90后，面对眼前压力重重的生活不是伪装、不是奉承，而是选择摸鱼和躺平。当下的五月天和粉丝歌迷，就是青春疼痛文学遇上了躺平主义，就像原来争上游的鱼选择直接跳进油锅任人煎炸。若如B站up主刘二副所说的那样，公关声明说自己在辛苦工作之时摸摸鱼、伤病之身还要坚持上班，透露着几分打工人的无奈，不就拉近了粉丝歌迷的距离。粉丝歌迷看到台上也会英雄迟暮的偶像，不由得潸然泪下、缅怀自己逝去的青春。谁还不同情？谁还会喊着“退钱”？谁不争着抢着买你下一场演唱会的门票啊！！！,-1,0,3,2023-12-12 10:24:42
房山季鸟侯罢了,-1,0,0,2023-12-12 10:07:27
假唱算啥？只是门槛更高的假弹没有被人发现而已https://www.zhihu.com/video/1717719565436526592,1,0,2,2023-12-12 01:37:42
    五月天日前遭内地音乐网红麦田农夫爆料，表示经过计算机程序鉴定后，发现五月天的上海演唱会有5首歌曲疑似是对嘴假唱，指控他们在演唱会上疑「假唱」。事件持续发酵，为以证视听，五月天将香港时间12月8日凌晨的巴黎演唱会改为直播，吸引了6万多粉丝观看。主唱阿信为证明自己真唱，在演出过程中多次嘶吼飙唱兼激动跪地。阿信在歌曲有难度的地方几乎每句都有不准和破音，但整体效果都对得起粉丝花的钱。值得留意的是，阿信于12月6日在微博发文提到「每次唱这足10拍E6的高音，总是跪足捶地，仿佛如此，才能跟自己确认，抵达了至高的山巅。当然，每次的嘶吼，每一场，每一声，都来自于我依赖了24年的嗓子。除了真唱，否则没有其他感动你的方式。」，究竟E6高音究竟是什么？阿信所提及的E6高音，大约在1500Hz左右，相当于钢琴上的最高音。由于是极高音，所以歌手唱到E6的难度是非常高的，更需要歌手具备非常优秀的嗓音条件和歌唱技巧才能唱得到。而过去阿信曾试过在演唱会中唱出E6高音时，谷到全脸通红，不是专业人士请勿轻易尝试。今次的巴黎演唱会，阿信没有上到E6高音，有网民表示就算今次演唱会是真唱，因为阿信多次走音，但并不代表过去没有「假唱」，更有人表示：「阿信唱的确实费劲，很多破音、走调，所谓的E6也并没有唱上去……太难听了。」、「他演唱会如果不假唱真没法听。」、「阿信走音才正常，一场下来不走音才有猫腻，所以这场真唱的直播，几乎就是证实过去那些蹦蹦跳跳还不走音的就是假唱。,1,0,0,2023-12-11 21:42:07
去听了现场，毕竟票是在出丑闻前买的。现场感觉，真的很吃力，很多高音第一遍大一口气唱上去了，在破音的边缘游荡，但是第二三遍的时候就把话筒递给我们观众了。不过不是50几岁了么，也可以理解。不过估计假唱这事儿就是罗生门了，他们也不太可能承认的，承认就是自绝死路。但是现场还是有好多歌迷，手举“相信”的文案支持他们，我感觉有点尬，好吧不理解。不过聊天的时候五月天还是蛮有幽默感的，被逗笑很多次，最搞笑的cue自己最近在微博上都要被骂死了。怪兽还是玛莎说唱两遍恋爱ing的话是真的要哭了。还有一首歌调很高，阿信真的拼了老命高上去的时候，下面有个老哥大喊一声：牛逼！  哈哈哈简直爆笑。,-1,0,0,2023-12-11 20:01:02
为了打破假唱“谣言”，五月天在法国巴黎的演唱会在线上全程直播了。从流出的几段现场视频看，走调、破音、气息不稳的现象贯穿始终，而且有些地方似乎还是能听到一些垫音，不过大部分应该都是真唱了。可是跟上海演唱会不同的是阿信在巴黎演唱会上变成“站桩式”输出了，被网友质疑的“大摆锤”也变成“小摆锤”了，话筒跟粘在嘴上一样根本不敢拿开。所谓的“高音”也是一个没上去，说好的“E6”也没唱到。咋地，阿信，你这唱功还有地域限制么？一出国就被封印了？这种灵异事件你自己都没法解释吧。演唱会后你还发文说“谢谢每个你”，你真的应该好好谢谢你的粉丝，没有他们你早就被曝光了。我前两天出了一期讨论五月天疑似假唱的视频，有一个粉丝来我评论区留言。他说他其实早就猜到五月天会假唱了，因为连续开了那么多场，没有几个人能受得了，不假唱就有鬼了。他一直就是抱着能接受五月天假唱的态度来看的演唱会。其实粉丝最清楚偶像是什么样的人了，但是因为爱，很多时候都选择自欺欺人。因为爱，他们愿意花几百几千去听偶像的“半开麦”演唱会；因为爱，他们会去买那个售价140实际成本可能连50块钱都不到的荧光棒。可是阿信你对你的粉丝真诚么？你明知道自己的嗓子是承受不了连续6场甚至8场的演唱会的，可是你为了钱还是要去唱，嗓子不行了就用所谓的“半开麦”来掩盖。你要是想少唱点，就少开几场行不行。又想少唱，又不想少赚，可不就得“偷工减料”了么？挣钱不寒碜，可是你们卖“假货”挣钱就很寒碜。你们乐团的定位可是“摇滚乐团”啊，可是你现在的所作所为还符合摇滚精神么？不过从这个“唯利是图”的角度来看，我倒是理解他为啥死不认账了。最近看了很多律师的分析，我们国家的营业性演出条例中，对于“假唱”的处罚是有规定的，大概有三项。第一项：首次发现假唱会先向社会公示，再次被发现就会吊销演出许可。第二项：罚款5-10万不等。第三项：消费者可以要求举办方退一赔三。第二项对他来说还没啥，几万块钱嘛，九牛一毛。可是另外两项可就要了他的命了。五月天这次丑闻也算是给娱乐圈又敲响了一记警钟，若要人不知，除非己莫为。只有保持对舞台的敬畏，对观众的真诚，沉下心来打磨唱功，不断输出硬核作品，才会获得大家长久的喜爱，名利自然也就源源而来了。,0,0,3,2023-12-11 16:54:41
有没有假唱我都懒的关心，我是觉得作为主唱他唱功是真的很差，也就是KTV级别。。他假唱是要钱，真唱是要命。。。你只要仔细听听，对比一下其他歌手就能知道，完全不需要你有专业的声乐知识。五月天有不少首歌还是不错的，但也只是旋律不错，歌词也还挺不错的，但这个主唱的演唱实力真的不敢恭维。估计录音师专辑估计都是请的百万修音师，然后才能勉强把歌录的像样一点。很多音评人都不喜欢他们，但是之前没有人敢批，这一次持续好多天了。 五月天的这一次的回应也是绝了，还说出自己能唱10拍E6的话，说明这主唱真的是打酱油了这么多年，连基本的乐理声乐知识都不咋了解的。。。,1,2,3,2023-12-11 15:30:39
我不是他歌迷，也不是专业的，这事也属于吃瓜的进去看。实话说，那个E6有没有达到真的不知道，但是，仅仅直观感觉：不好听！！！,1,0,1,2023-12-11 15:01:07
还是有很大不同的。比如在巴黎五月天就出现了音道撕裂的情况。,-1,0,0,2023-12-11 14:59:58
巴黎这场才叫垫音。而且有的地方相当于ktv开了伴唱，有些地方相当于ktv直接开原唱。好在话筒是有声的，能听见他的现场含糊走调的声音。上海那场，那就是放cd，或者表演唱歌。,1,0,0,2023-12-11 12:27:22
我想知道维护他的歌迷得到了什么啊，是不是像是我知道你是渣男，但渣男滥情给的糖实在是甜，爱，歌迷缺爱，我想了半天唯一答案，那就算了吧，反正要爱，什么方式从哪来的有什么关系。手动狗头保命脑袋又转了一下，喜欢的是当年爱五月天的自己，不肯放下的也是自己，啊哈哈哈，我快感动自己了 ～,0,0,1,2023-12-11 11:30:17
建议陈信宏改名阿宏，因为没有诚信,1,0,0,2023-12-11 11:18:19
请大家注意，巴黎真唱不代表以前没有假唱，五月天的核心问题还是之前的演唱会假唱，不要被转移视线,-1,0,1,2023-12-11 10:33:16
有点儿像我大学第一次跟着室友去夜跑。我边跑边说话，他就闷头跑，偶尔从鼻腔挤出来：嗯。跑之前，我以为我130斤，高中校园运动会400米进过决赛，怎么着也比他快200斤能跑。结果跑两圈就不行了。他多跑了两圈，还没跑过瘾，嫌弃地带着我回宿舍了。,1,0,2,2023-12-11 10:32:29
建议别看垃圾的网站的新闻,1,0,0,2023-12-11 09:27:39
你到一个特级厨师店里吃饭，上来的菜都是提前三天做好的，然后告诉你，提前做好的菜完美无瑕，现做可能发挥不好。你能接受吗？,-1,0,0,2023-12-11 09:15:31
有大佬顺路解答一下我的疑问吗？五月天巴黎演唱会，是在唐人街吗？现场观众外籍人士多吗？,1,0,1,2023-12-11 02:19:24
赛博朋克摇滚之神五月天，用真唱实锤之前全是假唱。我不是五迷，但是也听了好多年五月天的歌。巴黎演唱会和之前上海演唱会的诸多现场视频我这几天刷了个遍，真的，差别太大了。巴黎演唱会都快发挥成KTV唱功了。我没有五迷那么好的心态，调侃之余，我删了播放列表里所有五月天的歌，并且大概率不会再听/唱他们的歌。因为吃相实在是太难看了，假的太多，太过分了。然后终于真唱了的时候，又暴露了真不咋地的唱功。作为歌手，吃的就是唱歌这碗饭，保养声带，练习唱功，这就是你这个职业的一部分，做不好这些事，可以说是职业度不够，粉丝们依旧会买单，但是做不好这件事的同时用造假来假装自己做好了，还造着假心安理得的赚钱，这让人该怎么看待呢？不是说完全不接受假唱，但你假的太过分了，假到了已经完全没有什么职业道德可言的程度了，这种假还能接受的那些五迷，我反正是无法理解他们。我其实还蛮喜欢他们的很多歌的，可一旦我知道他们是这么个品行的时候，对那些歌的喜欢就变得滑稽又可笑了。,1,0,0,2023-12-11 00:06:13
就巴黎这样的真唱，再连开八场试试。,1,0,0,2023-12-10 18:24:16
来一个非专业的解读吧相当于周杰伦被指一张专辑全抄袭 然后周说8小节才是 7小节没有  来一几百字的小作文最后 我直播写歌 然后写出了一个学猫叫的同时不知道吉他的6级是什么,-1,0,0,2023-12-10 18:23:29
压热度了吧。。。。。我看这个话题基本都是几百万的浏览量，反而没热搜，现在热搜榜上第一也就几十万流量。。。热度差太多,-1,0,0,2023-12-10 18:05:47
我还是喜欢他蹦蹦跳跳的样子,-1,0,0,2023-12-10 12:34:37
大摆锤怎么变小摆锤了？之前就离谱，最怕的就是把自己都骗过去了。,0,0,0,2023-12-10 11:11:38
原告举示的证据却证明了被告的观点合理。,1,0,0,2023-12-10 08:56:00
坏消息：确实唱得不咋地了。好消息：证明演技确实一流。其实主唱变主演，不影响赚钱的，只是唱歌时就别演了行不？,1,0,0,2023-12-10 08:51:57
其实还行吧，普普通通的水准，不要为黑而黑。有一说一，华语乐坛（欧美听的不太多，反正黄老板live跑的挺厉害，虽然挺好听的，但拿较音器一个一个对那肯定跑得厉害）一般流行歌手的live哪个能听啊，不都是坑坑巴巴气息乱飞。非要跟录音棚比较，那只能说除了学友这种级别的唱将，都跑调。而且你得考虑歌曲难度问题，阿信把歌写这么难，跑个调不也很正常，他自己本来也不是一个唱功为长的歌手。即使是jj这种顶级唱功，你一句一句扒那也是一堆瑕疵，只不过我们不这么搞，因为没意义，也不重要，总体听感还不错。而且jj也确实没假唱，从这个角度讲，五月天被喷喷也不愿，反正你干了钱也赚了还不能让人喷了。至于KTV歌手，还是洗洗睡吧…90%的KTV麦霸在校园开放麦唱的比牛叫都难听，别出来碰瓷了,1,0,1,2023-12-10 02:08:43
五月天这场甚至不如我发挥的好的时候唱得好……,1,0,0,2023-12-09 23:56:05
如果阿信这次以后真回去练习唱功变成了技术流，我还反而不适应，一想到炫技和各种颤音的阿信我就害怕，五月天的歌还真是只有阿信跑调唱法才有感觉。,1,0,0,2023-12-09 23:49:37
五月天阿信一到店，所有喝酒的人便都看着他笑，有的叫道，“阿信，你又假唱了吧！”他不回答，对柜里说，“温两碗酒，要一碟茴香豆。”便排出九张红票。他们又故意的高声嚷道，“这些钱都是假唱骗粉丝挣来的钱吧！”阿信睁大眼睛说，“你怎么这样凭空污人清白……”“什么清白？我们都在网上看到了软件分析，你现场唱的跟CD里一模一样，现场live还能是实时修音吗？”阿信便涨红了脸，额上的青筋条条绽出，争辩道，“我那是半开麦，没有全程放CD，说唱圈都是这么玩，半开麦算不得假唱”，接连便是难懂的话，什么我能开演唱会已经是“粉丝福音”，什么抓紧利用情怀“收割韭菜”之类，引得众人都哄笑起来，店内外充满了快活的空气。,1,1,21,2023-12-09 23:42:21
还不如去听华晨宇做法,1,0,0,2023-12-09 22:27:06
其实我看到他翻车还有些兴奋。多年前我就说五月天主场唱功很差，现场状态起伏大。但得益于早些年网络媒体不发达，负面信息不易传播，他们慢慢走上了神坛，而且摇滚流行通吃。假唱事件爆发前这样说肯定要被粉丝和不明真相的网友喷死。好在如今网络媒体发达了，旧时代的那些神们，有些更进一步封神，有些堕下神坛，像漏了腚的猴子。,-1,0,6,2023-12-09 22:09:28
不评价哈哈哈哈哈哈,-1,0,0,2023-12-09 21:47:39
公关鬼才：巴黎这场不但印证了国内是假唱，还上升到国内外不一致的双标，专骗国人的高度，不得不服气啊,1,1,0,2023-12-09 21:37:10
常看吃播的朋友一定还记得一个上古网红，阿强。当年火起来就是靠的“大胃王”设定但后来随时时间推移，大家都发现他的视频剪辑痕迹很重，只拍进嘴不拍吞咽，只有咀嚼享受，但是从没有一镜到底（张艺谋：是不是很大胆.jpg）后来他是怎么被网友实锤造假的呢？也很简单，他出了个所谓的一刀未剪自证视频：结果第一次试图自证，在视频里直接吐了出来，吐到垃圾桶之后还心虚地看了一眼镜头，在后期剪辑疏漏下直接发了出来，被观众的问号弹幕淹没，第二天赶紧用剪辑过的版本替代；第二次试图自证就更有意思了，五包泡面，根本没有煮，就着面饼啃，因为这样可以少一些水，但就这样最后也是很勉强地吃完了五包。最后你说他证明了自己能吃五包方便面了吗？证明了你说这个自证视频有什么作用吗？更大的作用恐怕就是实锤了他原来轻松写意狂吃各类食品，真的就是剪辑的结果了吧。,1,7,93,2023-12-09 20:41:42
给大家介绍一个乐队。飞轮海。飞轮海当初是被力捧的音乐组合，力捧到什么程度呢？当时，或者说至今为止最牛逼的女团，SHE一起出歌。那时候火的啊。然后，然后就出事故了，演唱会灾难级发挥。【飞轮海车祸现场视频完整版，《我有我的young》-哔哩哔哩】 https://b23.tv/XMhzxwH有一说一，又跳又唱真的很难，飞轮海走的纯粹韩版男团路线。但是，没有韩国那种培训真的很难。所以说，一场演唱会从头到尾气息稳定的，你一个人唱歌，不蹦不跳能做到的都是真神了。,1,36,114,2023-12-09 18:19:35
可以欣赏他们创作的歌，但假唱事件出来后，我想没必要去欣赏他们的演唱会。就事论事，有的人就是学不会这点，以为说了他们演唱会假唱这件事就不能听他们写的歌一样。大可不必抱着“可是他们的歌就是好听啊，所以我得维护他们，坚信他们没有假唱”这种信念，没有意义,-1,0,0,2023-12-09 17:43:35
我觉得他可以在挑战下联系直播8场，只有8场全部结束且唱跳rap都没有问题，我才会相信他,1,0,0,2023-12-09 16:03:37
我要是他们就冷处理，然后狠狠收割喜欢氛围无所谓假唱不假唱的粉丝一样赚的美滋滋,1,0,0,2023-12-09 15:13:49
听说五月天涉嫌假唱的新闻，第一反应是，有必要吗？这个乐队唱功那么烂，有谁听五月天是为了听唱歌的啊。不知道我说什么的可以去看看五月天出道时的现场，真的是屎一样，但这又怎样，这可是五月天啊，谁会不喜欢五月天呢。一直觉得他们并不单纯算音乐人，五月天更像是一个文化符号。代表着一种年轻人精神分裂的混沌世界，文艺，矫情，叛逆，毫无主见，又有些中二，他们的火就特别像台剧里那句“你们不要再打了啦”“要打也去练舞室打啊”，乍一看好像没什么逻辑，但你仔细想想，确实是没有逻辑，生活就是这样的无厘头，我们看剧又不是为了看跳舞，但他们就是演着演着开始跳舞了。这也太傻了，但你我谁不是傻狗啊，看有人傻的那么真诚，我们似乎真的就被感动了，然后我们就忘了，原来他们一开始不是来跳舞的啊。观众当然可以忘，但演员自己不能忘啊。阿信唱歌很烂，这事谁不知道，你们就大大方方的跑调、破音就好了，去演唱会的人本来也不期待在现场听到什么好听的歌声，何必要假唱，只要你真诚，你可以靠跳舞靠玩尬感动很多人，要是不真诚，人们可就要把注意力放到你的音乐素养上了，那样观众就会突然想起来，原来你不是来跳舞的啊，这也太好笑了。,1,0,1,2023-12-09 14:22:55
虚假的老五迷：我家哥哥一直没假唱！巴黎场明明和上海的一样！真正的老五迷：巴黎场唱的真不好听，并且能分辨出以前假唱场次用的是哪一个版本的音源。,1,1,2,2023-12-09 14:01:43
突然想起另一个叫信的，“死了都要爱”,1,0,0,2023-12-09 13:45:21
国内很多公司把优等品出口，次品留给国人，比如某酸菜。没想到唱歌也是一样的，在他们看来国人只配享受假唱。,1,0,0,2023-12-09 13:30:41
演唱会就是粉丝经济，一堆不相干的人非要说人假唱。就像人美美吃了一顿大餐，你非要说里面的苍蝇被吃到肚子里了，何必呢？,-1,0,1,2023-12-09 13:12:18
我以为梁欢已经说的足够多了，但是互联网没有记忆，这么多年过去了，想不到五月天演唱会又上热搜。https://www.zhihu.com/question/633316893/answer/3318049662?utm_psn=1716804352197652481前些年上网的人应该知道梁欢曾经一直打假，呼吁不假唱，并且说陈信宏现场唱的不行。但是出于严谨，没有调查就没有发言权，我当年没有表态。这么多年过去了，没听说五月天有什么新歌，倒是演唱会假唱上热搜。心情复杂。也许是一直没有长进吧。现场唱的不好，的确可以找原因。可是作为演艺生涯比同行长的多的人，应当努力让自己的嗓子寿命长一些。比如说我经常表扬的周深，张杰，林俊杰就做的很好。倒不是说只有他们唱的好，是比较有参考价值。所以说，道德还是用来自律的，他律就很难搞，有的人就是摆烂，你能拿他怎么样？,1,7,41,2023-12-09 13:01:05
他们并不是为了证明自己之前是真唱，而是在这里证明他们还有能力真唱，作为一个歌手或者是乐队，如果被外界认为没有能力再去live的话，基本上就代表他们职业生涯的结束。,-1,0,0,2023-12-09 12:41:47
现在不是阿信有问题是整个五月天都有问题,1,0,7,2023-12-09 12:24:45
我觉得五月天、李易峰、罗志祥有很相近的地方。就是很多老粉丝心里其实知道他们的问题，但是不愿意言明。赵晓卉说自己是追星女孩，追的就是五月天呀！她说自己演唱会唱那么大声，就是怕别人听出来阿信唱歌跑调，虽然是段子，也反应了实情，就是她那种铁粉也知道阿信唱功不咋滴。作为80后的路人，我是知道五月天这种天团有多火的，而且我也知道他们的唱功就是不咋滴，开演唱会，全开麦，撑不住，这玩意儿，正常智商在线的粉丝，心里都是有数的。我自己非常喜欢李易峰，但是他撞车的事情之后，我是能够意识到他不是好人的，只不过，我真的觉得他非常帅。在演艺圈，粉人品，那属于难为自己了。还有罗志祥，电动小马达名声在外，怎么可能是贞洁烈男。五月天肯定不会承认假唱。五月天唱跳的时候全开麦hold不住，这玩意儿就是现实，好有啥好说的呢？我真的不信有人粉五月天是因为唱功和人品。就像我粉李易峰也不是因为演技和人品一样。有的时候，追星就是一种感觉，一种氛围。,0,1,7,2023-12-09 10:53:22
这是e6？明明唱的是G8音,-1,0,3,2023-12-09 10:50:30
这没啥好解读的啊你这次不假唱 不代表你以前没有假唱啊 这么简单的问题有啥好掰扯的,-1,0,0,2023-12-09 10:48:11
五月天“假唱”，一场全面失败的危机公关五月天邀请全民见证的巴黎演唱会今日凌晨终于开唱了。不少网友将该场演唱会直播和之前国内场的表现做了比较，结论是：巴黎场明显费力很多，甚至有网友说，阿信把高音都给了粉丝唱。“五月天假唱”事件到现在，各有说法。有人说现在俨然成为了一场大型的网暴狂欢，因为公众对五月天的攻击，早已不仅仅是假唱本身。即便如此，也有更多人觉得，假唱如诈骗，被骂是应该的。事情发展到现在，无论最终官方如何定性，五月天都“脱粉”不少，而这个组合，或许也不可能再重回之前的状态了。真相存在于每个观众的心中，而不仅仅取决于一份简单的结论。这次事件的处理，几乎是一次危机公关完整版的错误示范，让五月天失去了大部分公众的信任。危机公关的5S原则是：速度第一，系统运行、权威证实、真诚沟通、承担责任。五月天方几乎处处踩雷，不妨回顾一下他们对此次假唱质疑的处理：11月30日（上周四），博主“麦田农夫”发布了一段视频，称其对网友提供的12首五月天11月16日上海体育场演唱会现场的演唱歌曲音频进行分析后发现，其中半数存在假唱情况。随后，该博主又分析了五月天11月28日英国伦敦演唱会的歌曲，认为该场演唱会的部分歌曲存在假唱的情况。12月3日早上，#五月天假唱鉴定#词条登上微博热搜。12月3日晚上，五月天经纪公司相信音乐这才发了微博，称五月天巴黎演唱会将于北京时间12月8日凌晨3点开始全程直播3小时。到这里就存在了3个很大的问题：1、错过了危机公关的最佳时机。假唱事件发酵了3天都没出来回应，任粉丝自行解释与路人对攻。粉丝的维护的确很重要的，但无组织的群体的理智是显著低于个体的。面对假唱质疑，粉丝做的主要是三件事：与博主和路人对骂，放出演唱会现场破音的视频以论证并未假唱，表达唱功不重要、假唱也愿意买单的态度。3天冷处理的后果是，网上出现了很多五月天演唱会现场视频，除了破音的就是证实假唱的（仅就网友放出的视频而言，不代表视频一定真实），事情越闹越大且公众印象很差，给人一种五月天不仅假唱而且唱功差，粉丝还无底线纵容的感觉。2、官方延迟发声却没有依然没有正面回应，看不到真诚。很明显，论证没有假唱的逻辑是对以往的演唱会音视频（尤其是备受质疑的上海场次）进行分析解释，以前有没有假唱与下一次是否真唱无关。这个回应从逻辑上都说不通，足以看出经纪公司根本没有与公众进行真诚沟通的态度，自说自话的做法显得高高在上，说了等于没说还激化了矛盾。在网上已经有大量所谓“假唱实锤”视频的情况下，宣布巴黎直播只会让人觉得五月天在国内假唱在海外却真唱，区别对待激发公众逆反心理。3、没有及时收集事实证据，对舆论形势进行判断和预估，缺乏系统公关手段。相信音乐用演唱会直播回应后，一起上热搜的还有#相信音乐 双休#，意思是工作人员周末不上班才没有回应。如果真的是这样，那更证明经纪公司的公关不专业，舆论危机不等人，等到上班处理黄花菜的都凉了。但事实上，12月2日（上周六）相信音乐账号还在发刘若英的宣传微博，显然是上班的，且上了微博也应当清楚发生了假唱争议。知道但不回应，在公众眼里就是心虚的表现。在矛盾愈演愈烈的情况下，12月4日下午，上海市文化和旅游局执法总队表示五月天相关演唱会的原始音视频材料已在鉴定中。同日晚6点半，相信音乐终于出了一份“没有假唱”的声明。官方鉴定+明确否定，看起来是有正面回应，且有权威证实（即表达出真唱就不怕被鉴定的态度），但公众依然不是很买账。五月天方看起来身正不怕影子斜，实则钻了“假唱”定义模糊的空子。很明显，公众认为需要澄清的假唱和法律上定义的“假唱”是有偏差的，《营业性演出管理条例实施细则》定义的假唱基本就等于现场放CD歌手直接不唱，而公众更想知道的是是否存在垫音过度、或提前录制音频演唱会上半播半唱等情况，真正真诚的沟通理应对此作出解释。上述公关手段还只是不符合危机公关的5S原则，接下来的两个做法则称得上是迷惑行为。一是找艺人好友声援，刘若英、丁当、陈绮贞等发声力挺五月天。然而其他艺人是无从获悉或证明五月天是否假唱的，此转发行为莫名其妙、毫无意义，除了给事件加热度以外没有任何作用。真要想利用名人声援，不如找一些有一定影响力的技术流音乐博主对最初的那两个假唱分析视频进行技术鉴定分析，从源头打击或许能把假唱事件，往有预谋的恶意陷害方向带；或者找到网上传播的所谓假唱实锤的现场视频，判断其是否存在恶意替换音轨的情况，如果能够证明网上的实锤视频真假皆有，也能很大程度上降低这些视频的可信度。二是主唱发小作文。12月6日，阿信发长文回应近期的假唱风波，长篇大论走情感路线，却缺少关键内容，是否存在公众认为的那种假唱行为避而不谈，顾左右而言其他。这篇文章发出来后没起到澄清作用，反而被公众攻击其他细节，“10拍E6”估计会成为类似“208万”的一个网络梗。回顾五月天方对假唱危机的公关细节，除了真诚沟通缺位以外，会发现还有一个很关键的点始终缺席——承担责任。假唱事件本来只是公众的质疑，在“假唱”界定本身就困难的情况下，在真假现场视频广泛传播的情况下，真相本身其实已经没那么重要了，因为不管最终结论是什么都会有人信有人不信。那最重要的是什么？就是展现态度+责任承担。从头到尾五月天方没有提过任何关于补偿、赔偿等事宜，而假唱事件争议这么大的原因，就在于这不仅仅是职业操守问题，而是涉嫌违法，且可能存在欺诈消费者的情况。五月天方或许认为，执法机构的权威鉴定最后不会下假唱结论，因为法律上认定假唱确实是很严格的，所以他们才始终不肯服软。舆论最盛之时，嘴硬不会有好下场，越嘴硬公众越逆反。表现服软的态度+主动承担责任不代表假唱实锤，而是一种尊重公众的表现，也能最大程度地安抚公众情绪。如果五月天一开始就直接说明不存在假唱，但是为了演出更完美用了一些技术手段（例如垫音过度）导致引发争议，不管怎样还是影响了观众体验，为了弥补大家，可以为相关场次的观众办理退票。态度诚恳地承认一点小错误，又愿意主动承担责任，或许这件事就不会闹得这么难看。刘德华和薛之谦都曾因身体不适取消演唱会，都是诚恳致歉+安排退票，反而还拉了一波好感。而从粉丝对五月天的维护程度，以及粉丝人数在演唱会观众总人数的占比来看，可能退票的人还真没那么多。刘德华演唱会中止表示可以为大家安排退票，粉丝却纷纷表示不想退，并认为刘德华敬业尊重舞台。看了半场的观众都有很多不想退的，看完全场又去退票的人想必会更少。如果假唱事件的直接利益相关方：演唱会的消费者都觉得这事没问题，那其他没买票的网友吃个瓜也就散了。且五月天方是完全有这个经济实力的。五月天2023年安排了77场演唱会，体力和嗓子状态能否支撑高频演唱会是公众质疑假唱的重要原因之一。同时据媒体统计，2023年五月天演唱会收入已经超30亿，其中上海8场演唱会的周边收入都高达1.78亿，说是赚得盆满钵满完全不夸张。吸金无数却不愿给予公众一点点精神和经济补偿，妄想分文不花不痛不痒地度过一次危机，天底下哪有这样的好事呢？最搞笑的是，五月天方目前所采取的公关手段竟然被网友完美预测：冷处理+live+打感情牌。这一方面说明中国台湾的音乐公司根本没有搞清楚内地危机公关的关键点，还是拿以前那一套处理，但网友显然没那么好糊弄了；另一方面，他们显然是低估了舆论的威力。根据南方周末的报道，相信音乐文化传媒（北京）有限公司的实控人曾是五月天经纪人，创建这个公司的意图就是打开新的粉丝经济模式，事实证明很成功。（截图来源于南方周末文章）阿信在2023年的成都演唱会上曾说：“有人说相信音乐把五月天当摇钱树，如果五月天不想唱，没有人能够逼我们，如果怪兽、玛莎、石头、冠佑、阿信想唱，也没有人能挡住我们”。可现在挡住五月天的，似乎是他们自己。最后，想说的是，五月天的创作才华是真的，那些歌曲曾带来的感动也是真的，如果之前的每场演唱会都是巴黎这场的水准，或许就不会有这些质疑。但目前，失望也是真的，谁不希望自己的青春偶像能有一个完美结局呢？,-1,1,15,2023-12-09 10:10:42
依赖了24年的嫂子，果然不同凡响！,-1,0,0,2023-12-09 09:56:08
本来演唱会能唱到80岁，现在这演唱会频率两年就歇菜,1,0,0,2023-12-09 09:49:41
国内假唱，国外真唱，6。,-1,1,0,2023-12-09 09:48:39
退一百万步来说，就算他这次真唱且唱得不错，也改变不了之前假唱骗人的事实…重点不是他是否有能力真唱，而是之前是否骗人假唱捞钱,-1,3,0,2023-12-09 09:42:11
此前演唱会是否假唱大家心知肚明。怎么没有律师出来组织集体诉讼？假一赔三啊。,1,1,2,2023-12-09 09:40:06
看当年谭咏麟的演唱会，全场蹦蹦跳跳，头上都是汗水，愣是不影响发音。那是真的牛。,-1,0,16,2023-12-09 09:15:51
本来大家还都怀疑一场真唱代表不了以前都是真唱。结果五月天直接打破质疑了……已经……没什么好争议的了……,1,0,0,2023-12-09 09:13:50
五月天的这个才是真正的“演”唱会。其他人都没把“演”这个字的精髓表现出来，最多就表现了一个唱。,1,0,0,2023-12-09 09:04:30
是不是只有我看成了真气不足？？,-1,0,0,2023-12-09 09:00:30
,0,0,0,2023-12-09 08:40:56
如果五月天被实锤假唱了，那他还是改名为阿宏吧，毕竟没有陈信了,-1,0,1,2023-12-09 08:22:48
这事可真摇滚 ,1,0,0,2023-12-09 08:20:13
好消息：真唱了坏消息：跑调了,-1,0,1,2023-12-09 08:19:21
巴黎天气太冷吧,-1,0,0,2023-12-09 07:57:07
我记得以前五月天被摇滚圈骂的可惨了，有那么一批普通的观众还特瞧不起摇滚圈，说是没睁着钱，不够大众，歌好听管他呢……,1,0,0,2023-12-09 07:38:41
我看是10拍G8粉丝不够专业啊,1,0,0,2023-12-09 06:57:01
五月天用巴黎演唱会和上海演唱会重新定义了“演唱会”——表演出 努力在唱 的歌迷粉丝会……,1,0,5,2023-12-09 06:04:34
破音就破音呗，气息不稳就气息不稳呗，一个乐队真唱破音不正常吗？听现场就应该有听到车祸现场的心理准备。只要你是真心对待观众，观众就会包容你的，真心比什么10拍E6重要多了。,0,0,0,2023-12-09 05:31:16
大智者看上去显得非常广博，小智者却十分琐细；高论者盛气凌人，争论者小辩不休。辩士睡时，精神与梦境交错在一起，醒后疲于与外物接触纠缠。每天与外物相接，其心有如经历了一场又一场的战斗一样疲惫。有的心机柔奸，有的善设陷阱，有的潜机不露,-1,0,4,2023-12-09 04:22:29
贴一个多年以前的视频，也是占据了当年各大网站头版头条很久时间的，巅峰期尚且如此，更何况衰老，发胖，不自律的现在，不吹不黑，只是客观转帖。你要是笑了就点点赞，你要是粉丝老师我提前搁这儿给您道歉了，其实我也是粉丝，听五月天的歌，也唱五月天的歌，但出了事还是得就事论事，不聋不瞎的人自有定论，我就不多说什么了。,1,1,1,2023-12-09 04:04:43
能够唱到10拍E6是一个非常高的音高，属于高音的范畴，需要具备非常强的嗓音实力和技巧，否则很容易唱破或者出现其他问题。 E6音大家能听出来吗？可能你对E系列的音没概念，但是你应该知道高音是什么样？比如：歌剧《拉美莫尔的露琪亚》中咏叹调“疯狂场景”。女高音需要在这段花腔颇为复杂的咏叹调中唱到E6这个音高。维瓦尔第歌剧《四季》中的咏叹调“春天的来临”。女高音同样需要在段落末尾发出一个E6的高音。阿信说能够在演唱会上稳定地达到这个音高，说明他在假唱和撒谎。并且我非常的相信，这个公关文是他的公关团队写出来的，并且是垃圾公关团队，作为一个音乐人应该知道E6有多高，没学过美声唱法的唱E6有多难。歌手假唱(也就是口型不实况演唱)会受到相关的惩罚和后果根据文化部的规定，假唱的歌手及其作品将不享受相关的文化补贴、奖励、评优等。假唱的歌手在公众面前丢失声誉和人气，甚至被粉丝“退坑”，这对歌手的事业发展影响巨大。根据中国的《广播电视管理条例》，假唱属于虚假宣传嫌疑，歌手和制作方都有可能受到行政处罚，最高罚款可达到10万元人民币。一旦被媒体披露，将成为公众谴责和批评的对象，视频网站如果传播假唱内容，也会受到监管部门的处罚和约谈。我和你谈假唱，你和我谈情怀我和你谈歌曲，你和我谈音高。巴黎演唱会一定会真唱，因为国外对假唱处罚力度更大。假唱真的是音乐人这三个字的侮辱，别让他被这个话题转移视线，假唱就应该受到惩罚。,1,0,1,2023-12-09 03:56:03
你们老是说我上班迟到，你明天看看我是不是准时打卡,1,0,3,2023-12-09 02:47:40
当假大空、虚伪、坑蒙拐骗、精致利己不再是人人喊打、敌视与唾弃！说明，监督体制的缺失与其机能失效已病在膏盲。而这一切成因，是人人喊打、维权成本过高，造成的所然。当信用的信念与信仰，一旦丢失、崩塌，重新捡拾起来时，将是其丢失前的百倍成本。老祖先履历告诉今人，重塑信仰的代价，往往是由一起起残酷革命与一场场血腥战争拉始帷幕！故，当今如有公众人物，厚颜无耻、顽固不化般继续为自己的假大空、虚伪去抗争！去辩解！甚至用鳄鱼的眼泪来博取世人共情！难道，不当将其钉在历史的耻辱柱之上吗？,1,0,0,2023-12-09 02:45:46
就这次演唱会的真唱，基本实锤了之前的假唱。最明显的对比，就是这两个。之前的演唱会，《恋爱ing》U 长音还在唱，但是他已经在唱“LOVE”了。这次就不同了，老老实实把上一句的 U 长音给唱了。《干杯》也不敢大摆锤甩起来了。全场下来，明显站桩的时间是以前几倍的量，不敢全场蹦哒消耗体力。唯一遗憾的是，没有听到他说的10拍 E6唱足的表演，E5倒是有。要不，陈信宏你改名叫阿宏吧？因为你没了“陈信”。https://www.zhihu.com/video/1716436220140445697https://www.zhihu.com/video/1716438141248847872https://www.zhihu.com/video/1716439375603433472,1,3,16,2023-12-09 02:24:39
客观点，五月天的歌难度也不算低的。加上他的唱法一直不怎么科学，消耗是很大的。除了顶尖那些唱将加上一直保持进步， 例如林俊杰林志炫张杰这些，其余的不也和阿信差不多水平嘛。你总不能那薛之谦，李荣浩那些小菜鸡去碰瓷吧。张学友也很敬业，也不断进步，但他的歌难度比较低，消耗也小。其余还有些孙楠，苏见信，张信哲这些旧大神，现在唱现场也是惨不忍睹。,-1,5,3,2023-12-09 02:18:35
我对他们是不是假唱根本不关心，我也基本不听live，我真正感兴趣的，是这次的舆论风潮是怎么形成的，以及他们到底能不能在这么劣势的情况下，扭转舆论风向。他们到底会起什么飞智，这些手段施展出来效果如何，其他各方又如何反应，等等等等。观察这些东西，才是真正的乐趣所在，要知道五月天演唱会的经济收入是非常庞大的。天量的利益，可以刺激的愚人变成智者，懦夫变成勇士，这种斗争才是人类智慧和人性丑陋的集中提现，精彩极了。这可比研究他到底有没有假唱有意思多了。屎里淘金，就是如此。,-1,0,8,2023-12-09 01:44:57
他这一番真唱的操作，对比国内的演唱会，显得更像假唱了。话说，看到他在台上飙高音自证，还是那首《我心中尚未崩坏的地方》，我始终认为太富有戏剧性了。阿信在写这首歌的时候，有没有想过有一天自己会穷途末路，依靠着这首数年前怀揣着赤子之心写出的歌来自证呢？偏偏他假唱的做法与这首歌本身的意义相悖。作为一名创作歌手，他最大的错误在于从不精进自己的演唱水平，还要接二连三的开演唱会。现在他受到的一切质疑，皆是因此而起。这事本来很好解决，不开演唱会或者去学习专业的发声技巧就可以了。他又想赚快钱，又不愿意花时间金钱来投资自己，最后只能假唱来粉饰太平了。作为五月天老粉，看到他变成这样真的挺难受的。演唱会现场欢呼声越高，越让我觉得悲凉。犹如短瞬的烟花爆炸后，只留下冷却的花花绿绿从高空坠落，令人唏嘘。,1,0,11,2023-12-09 01:34:36
现场唱和录音棚，有一个很大的区别，现场唱的换气很难不显眼。只有个别人特殊的唱法可以把换气做的很自然。其他人在现场真唱，必然会有比较突兀的换气。录音棚追求的结果完美，所以可以修掉。现场这么修，也本身不大厚道了。那现场唱的时候，感受不到突兀的换气，那就值得深究一下了。,1,0,1,2023-12-09 01:26:47
                  成语言而无信的由来       淡江中学的那架古董钢琴还在，从前的阿言时常会坐在那里弹奏着穿越到未来的旋律，有时候他会去自己未来的演唱会，见一见未来的自己，也见一见自己的歌迷，看他们有的人从无忧无虑的少年少女，变得中年油腻，不过不变的是，阿言感受得到他们始终能从歌声里得到快乐。他们跟着大声歌唱，就像坐着时光机回到过去，故事还在继续。当然，所有会场里永远有人年轻。       穿越者阿言有次到了3032年，他很惊讶地发现这一年他居然会开88场演唱会，他很好奇自己是怎么做到的，听了几次现场以后，他还蛮开心的，听到了自己还没写的歌，也开心大家唱的都是他写的歌。不过听着有时候一步一步往上爬的高音，在最高点碎在风里，他觉得有些不满意，于是后来有几次用魔力把正在“大摇大摆”演唱的阿言的话筒的声音收到1%，自己偷偷帮着放一张过去的CD，听听那时自己的声音，看着歌迷满意的样子，他也怡然自得。       阿言快六十了，不过青春怎么会流逝呢，老去的是时间，他还是粉丝的“宝宝”，而且他最近在舞台上有时候总有一种感觉，自己仿佛与一个人心有灵犀，那个人给他一种活力四射的感觉。有时这让他情不自禁在表演时更加卖力。此外，他心里有时候出现一个声音在喊，阿信。他不知道谁是阿信，不过总感觉这个名字很熟悉，但是他总是过了两三秒就忘了这个名字。       终于有一天，阿言在开演唱会，由于演唱会上穿越者阿言使用了太多魔力，那架古董钢琴在现世吸引了一群白蚁啃食。“阿信”这个名字又突然大声冲击着他的脑海，这次声音是从耳返里来的，把忘情大摆锤的他拉回了现实。这一次，他的心有灵犀，带给他一种危机感，仿佛诀别。此时穿越者已经顾不得不能和“自己”交流的规则，他把声音通过电磁波作用到阿言的耳返里，告诉他拯救那架钢琴的方法，而且要立刻马上。穿越的记忆是会被不自觉地遗忘的，不过那些记忆没有消失，而是被封印了，当穿越者违反规则与自己直接接触，封印才会消失。当然这也意味着钢琴有被毁灭的风险。这一刻死去的回忆开始攻击阿言，命运的齿轮开始转动，情急之下他忘了自己还在开演唱会，对着麦克风大喊，“助理快准备好我的ae86”。可是耳边依然继续的歌曲提醒了他，麦只有1%喔，他赶紧往后台跑。观众不知道发生了什么，此时曲目是时光机，“好像真实又像虚幻的情景”，不过隐约观众仿佛听到阿言的真实话语和歌曲交杂的声音，实备E6什么的，有人问，有没有听到谁在说十拍e6啊。演唱会还在继续，他们以为阿言在玩一种很新的演唱方式，只闻其声，不见其人。不过很快阿言又出现在舞台上，没人发现他好像变年轻了。     阿言匆匆跑到停车场，开上86，一路往北，驶离体育馆的时候，他听到我心中尚未崩溃的地方，他听到了十拍G8，他热泪盈眶，他听懂了，那是穿越者在歌唱着他们的羁绊。穿越者已经告诉他前往琴房的方法，开着车不能漫无目的转弯，碰到十字路口一定要心里默念，我不转弯，我不转弯，我不转弯，我不转弯，然后看到第一棵白杨木后开车再成功过一个弯道立刻停车，琴房就会出现在附近。     ......     阿言翻车了，车翻在了排水渠里。他以为自己也可以用排水渠过弯的。可他忘了，他从来不是秋名山车神。他没有成功过弯，琴房也就不会出现了，不过穿越者阿言突然出现了。阿言看着穿越者说，你怎么来了，演唱会怎么办，穿越者安慰着说道，“没关系，你已经很棒了，演唱会那边你不用担心，放着CD效果也是一样，歌迷都不在乎，你也不用在意呀，可惜以后再也见不到你了，帮不了你了，有件事必须告诉你，其实我的名字，叫做阿信，可是因为我出现过，你的名字就成了阿言，所有人的记忆都被修改了，包括你。不过现在我马上要消失了，不会出现在往后的时间里，这可以助你成仁，把人字还给你，每个人都会想起你叫阿信了。欧洲的演唱会也要加油，做最好的自己。”说完，穿越者雾化消失了，阿言喃喃道，别走，我是阿言，我是阿言，并在自己手里写下言字，怕自己忘记。突然他感到脑子一阵疼痛，昏倒在地。     刺耳的手机铃声让他恢复了意识，是助理打来的，他接通电话，那头传来急切的声音，阿言，你去哪了，发生什么事了.......演唱会还在继续，观众没有感到任何不适，动感的旋律，美妙的歌曲，青春的回忆，都难以忘记。......以上就是古语“言而无信”的来历。注：相传在黄昏日暮时，言和信存在一定在同一时空出现并相遇的可能性。,1,1,1,2023-12-09 00:57:01
音道早已撕裂,0,0,2,2023-12-09 00:52:36
我收回之前的嘲讽，要不你们还是假唱吧，听了真唱更想退票，怎么形容呢，就像一只老母鸡想打鸣还感冒了那种声音，如鲠在喉。,-1,0,0,2023-12-09 00:43:32
一些漫不经心的说话将我疑惑解开一种莫名其妙的冲动叫我继续追寻你的一举一动我却备加留心只要真相大白一切一切无愧于心,1,1,3,2023-12-09 00:40:04
（图/微博@五月天）五月天因为涉嫌假唱，被人民日报点名，一时间被推入风口浪尖，甚至有律师说，如果证实了五月天确实假唱了，他们将面临禁演的惩罚。我个人其实非常的不解，因为假唱的太多了，为什么单单拿出五月天这个乐队开刀啊。春晚假唱的，完全数不过来啊。这个年头，在演艺界，真唱才应该是新闻，假唱，也太正常不过了。以春晚为例，事实上，1983年-1993年这十年的演唱，全是假唱，俗称“假唱十年”，因为技术条件受限，现场要直播，没有办法修音，万一歌手状况不好，紧张了，破个音，走个调，不好看。所以一律假唱，每个音都要修的又平又稳，决不允许你走调，该是什么调，就是什么调。其实就算知名歌手，也都假唱过。比如那英，孙悦这些。因为真唱风险大啊，万一唱的有瑕疵，那惩罚可就大了。梅艳芳就差点因为春晚上的走音，被“封杀”了7年。像萨顶顶这样假到连话筒都拿反了的，在假唱届也是个名人了。这次为什么说，五月天在演唱会上涉嫌假唱。据举报人分析，是因为有几首歌，音准极稳定，正常的人声根本唱不到，尤其是阿信那嗓子，他的“车祸”现场还在互联网上挂着呢。但是为什么说，必须拿五月天假唱来开刀呢。我想，除了它在国内的受众群体比较大之外，五月天其实还是个摇滚乐队，一个摇滚乐队，竟然还假唱，这是在打滚圈的脸啊。摇滚的本质就是真实，一个连真唱都不敢的乐队，怎么配称得上是摇滚乐队呢。二手玫瑰的梁龙老师，就对五月天颇为不屑，在之前的访谈中，他表达了自己完全欣赏不了五月天的意思。梁龙老师的意思我明白，我也非常认同他的观点。因为摇滚，首先还是要对这个社会有认知，有思考，有批判，不能仅仅是写出很多阳光明媚的式的歌曲，你就很有力量。像五月天的什么“我和我骄傲的倔强”，“你不是真正的快乐”，说实话，都是比较口号式的，比较正能量的，比较小确幸的，但是在摇滚精神这块欠缺了不少。与万能青年旅店、草东没有派对这些乐队相比，五月天的歌词非常缺乏文学性和思辨力，他们的歌曲质量与他们在乐坛的地位完全不成正比。说的更明白些，五月天，其实更像个偶像团队。不是说他们没实力，而是他们的实力，可能更多体现在表演这个层面上，但是在创作上，他们对于大众其实并没提供太多的思考。说的更更明白一点，五月天，其实就是当代流行乐坛的“奶头乐”，是朗朗上口型的。他们的歌“好听”，“耳熟能详”，也很能让年轻朋友热泪盈眶，但是他们缺乏切入社会的力量和深度。这个我说了再多也没用，大家自行对比一下就能明白，听首五月天的，再换个万能青年旅店，你自己就会明白，哪个更摇滚。这个不是风格的问题，也不是萝卜青菜各有所爱的区别，而是一旦摇滚太流行了，就会必然变成“奶头乐”，变成商业产物，以五月天开演唱会（圈钱）的频率，上个月，光在上海，他们就开了八天，不假唱，以阿信那种唱歌方式，其实是受不了的。假唱，其实也意味着，他们不敢真实。但是既然你不敢真实，怎么还偏要去赚能力范围以外的钱呢？求真，是摇滚乐队的底线，也应该是全社会的底线。我们愤怒假唱，其实也正是因为现在真实的东西越来越少了，我们对于弄虚作假的东西，容忍度变得越来越低，这是一件好事。面对真实，需要智商，更需要勇气。在摇滚圈，真实是一道生命线。正如崔健是无论如何都不会假唱的，我绝对相信这点，这跟商业可没什么关系。五月天假唱风波以后，他的歌迷们也该长大了。别“倔强”了，面对现实吧！,1,0,2,2023-12-09 00:26:51
最近看了关于五月天这件事首先我不是五月天歌迷，但是五月天的一些歌还是很喜欢的即使全网锤得满天飞，我还是想说，大多数人只是跟风而已，更多人谁在乎谁真唱假唱，只是宣泄口而已，更多的就是人人喊打而已五月天的演唱会如果好买，即使出了这事，价格不贵我也会买一张去听听，去感受一下，贵的话就算了，假唱我换位思考不接受，因为这是欺骗，放cd我也OK我很在乎的是气氛和有没有唱，如果只是表演，配合演出对口型退票就完事了，如果放了cd但是唱了根据法规需要退就退，而且最好让歌迷自主选择我是孙燕姿粉丝，就这么说吧，二十周年赶上不可抗因素了，如果现场我肯定支持，如果孙燕姿唱不了说放一整场cd我也愿意买单，当然欺骗的话太过丑陋，我选择退票喜欢五月天孙燕姿的也是三十岁左右的人了，我们在乎的是真唱假唱？更在乎的是氛围，是青春，有多少少男少女，第一次去演唱会只能买外围票，现场大屏幕都看不清，但也是全场跟唱，自己感动到流眼泪因为那是青春啊所以我不理解大家着急踩这么狠干嘛呢？好像大家都是买票的那伙人一样，明明不是一个圈子非在这找存在感，当然众望所归，人人喊打是大家喜闻乐见的，但是我想说很多事做自己最好我不支持假唱，不支持五月天，但是我觉得很多事只要自己开心就好，五月天的粉丝可能难过但是完全没必要，看过的亏钱了可以去退，没看过的可以不去看，但是千金难买爷乐意啊但是跟着瞎凑热闹人云亦云的家伙们，我瞧不上,1,10,2,2023-12-09 00:19:18
翔味巧克力跟巧克力味的翔，真的非要选一个吗？明明还有很多开宗立派的大厨，精致现做的私房，美味可口的路边小摊。实在不行，也可以去伍佰那里吃自助啊（不是）。,-1,0,1,2023-12-08 23:18:09
3.15可以曝光吗,0,0,0,2023-12-08 23:13:16
热搜慢慢撤了，热度也降了。。。基本就是这样不了了之了,-1,0,0,2023-12-08 22:53:17
我感觉怎么还是更喜欢之前假唱的状态。。。听着舒服，氛围舒服。,1,0,0,2023-12-08 22:44:48
赚钱吗，不寒碜。我干不动了，公司又没炒我，我干嘛要自己离职，我傻啊我。能以假乱真，公司又没发现，搞他奶奶的就是了(请原谅我是这么耿直)，现在客户发现我是用AI工作，那我就不用AI了吗，反正公司就喜欢我在这儿上班，他不炒我，你们这些客户是干嘛天天要盯着我呢？？？真是的。,1,0,2,2023-12-08 22:38:02
其实去巴黎结果mc还是中文就很难评了。,-1,0,0,2023-12-08 22:30:03
不喜欢对面的一切，个人感受。,0,0,0,2023-12-08 22:26:55
唱的什么一坨狗屎,1,0,0,2023-12-08 22:21:02
用一次规矩的考试20分，来解释之前的90分不是作弊,-1,1,49,2023-12-08 22:04:53
听了几首真唱的曲目，感觉水平参加校园十大歌手还是能走几轮的。,1,0,3,2023-12-08 22:03:54
不管他唱还是没唱，给他扬个名吧！能进汉语考试的那种……来，玩儿个梗吧！让五月天进汉语考试的那种！你信信真唱还是信信假唱？你信不信信，信信了信是真唱？你不信信，信也信了信是真唱，就是腔没在声上？不管你信不信信，他也那个模样，唱还是没唱……信不信信唱了，但是信唱了多少，只有信自己相信，信信了什么？天知道信信了什么……信相信信唱了，信不信信唱了，所以到底信信还是不信信，不信信还是信信，这都是你相信信不相信信的问题，不管你们信信不信信，反正信自己是信了，至于他自己信自己的是唱了还是没唱，你们先把这段念明白再说……你们要相信信，要是连信都不信了，还信什么呢？要不实诚点儿，改名叫阿不信吧…… ,-1,0,0,2023-12-08 21:59:27
好不容易真唱一回 不要吹毛求疵了,1,0,1,2023-12-08 21:56:31
小姐从良了，以前就不是小姐了？,1,1,0,2023-12-08 21:46:23
五月天老粉，几年前看过广州场和鸟巢场，但是这次确实挺失望。就好比开车撞人了逃逸未遂，然后你对警察说：“我下次不撞人就行”,1,0,0,2023-12-08 21:33:17
我就说一件事，最新消息，五月天粉丝微博说用仪器测出阿信现场唱到了F6。然后，阿信自己认领了。。。。。。E！6！ 哥们儿在这给你说唱！F！6！至此，华语乐坛愿称阿信为最强！,-1,15,136,2023-12-08 21:28:48
讲真，之前的演唱会，你们所谓的“少年感”是真唱；伦敦这次的各种差强人意，也是真唱。之所以差距这么大是因为这中间的某个时间点卵巢早衰了（你们没看最近的新闻吗？）,1,0,0,2023-12-08 21:28:28
,0,0,0,2023-12-08 20:57:12
我不是他们歌迷，在他们年轻的时候听过几首歌，阿信唱功不是一直以来都这样的啊，不要要求阿信唱功，只是年轻的时候好点，现在我看巴黎场也没有区别很大……这次的歌迷的反应来看，感觉大家好像都不是5月天的纯粹的歌迷，单纯因为那些过去的歌对上了青春才喜欢5月天的，对5月天好像一点都不了解的样子……哎，还是盘子太大，什么人都有？不能理解,0,0,0,2023-12-08 20:52:18
说实话，中学就听五月天，当年也买过正版的磁带和cd。现场确实没去过，后来线上看过听过他们的现场和演唱会视频，确实不太行，和录音棚出来的差距挺大。很显然阿信就不是一个擅长唱、跳的主唱。这次的回应也显得有点尴尬。建议以后歌手们别动不动就连开几场了，哪怕你们隔天开一场都好。人是动物不是机器，机器都要休息，何况是人。,1,0,0,2023-12-08 20:35:31
我没有开挂！——55开,0,0,0,2023-12-08 20:20:49
嗓子保护的还可以,1,0,0,2023-12-08 20:18:46
事实证明，蛙蛙岛艺人只拿内地当傻子啊，钱好赚，韭菜好香。全开麦确实难听啊……还是cd好听…真是晚节不保啊。坐等一个官方调查结果吧。如果官方都说人是真的那估计有zzzq在里面了。,-1,0,0,2023-12-08 19:56:23
感觉又滑稽又可怜，早点大大方方承认不好吗,1,0,0,2023-12-08 19:50:17
你是来自证的，还是来增加证据素材的？没能证明自己未曾假唱，倒是说明了为什么假唱。再搞一次演唱会来证明自己没假唱，这操作很像当年吃鸡大神蛇哥。当初55开被锤作弊的那段时间，让吃鸡主播人人自危，蛇哥作为斗鱼吃鸡直播的顶流也被怀疑是开了挂。但他没有像其他主播那样打嘴炮，而是勇敢得选择了线下自证。结果出人意料的是，他打出了相当高水平的操作，和韦神差不多的切片扫射，还有高水准压强让弹痕聚拢。连在场的质疑者都有点打退堂鼓了。尽管没有完美复刻被质疑的片段，但可行性算是打出来了。至少能看出，这位是有真本事在身上的。但在腾讯这边第二次自证的时候发生了戏剧性的一幕。自证直播过程中，因为登陆的账号涉嫌低端局虐菜，群众要求他换号。呼声强烈，让他脑子一乱，不小心登陆了一个因为作弊而封号的账号。自证变成了自爆。这下就彻底身败名裂了。人是复杂的生物，不是说有实力就不作弊了。为了保证状态挣更多的钱，可能采用作弊方式的动机会比菜鸟更大。他们有实力在一定程度上证明自己不作弊也有如此发挥，但这不代表能否认自己作过弊。所以实力自证哪怕是“成功”了，也只证明自己有实力做到作弊水准，不代表他没作弊。更何况.......五月天这样“自证”证到“难听”的地步，成为与假唱对比用的新素材。,1,10,205,2023-12-08 19:46:48
https://www.zhihu.com/video/1716542858528669696反正我听出来破音,-1,0,0,2023-12-08 19:44:38
事到如今，不如就高调宣布吸收乌兰图雅，五月天改组为六月天，然后高音阿信交给乌兰图雅唱，乌兰图雅交给观众唱。排球式唱法，多好。,1,6,209,2023-12-08 19:42:39
去泰国看人妖唱let it go就挺好的，人漂亮，舞好看，歌好听（废话都是假唱）为啥要看一个中年老男人跳来跳去，都无所谓是不是假唱,1,0,0,2023-12-08 19:29:48
哈哈哈，华语乐坛最强唱功，粉丝夸你能唱到F6，你还认领了。真是给你梯子下，你当天梯爬，你E6都没唱上去，吃奶的劲都用上了好不容易唱到E5，这是认五作六，要不以后你叫六月天吧。,1,0,3,2023-12-08 19:26:22
阿信，终于用事实，向所有人证明了：他用一场真唱，验证了之前的演唱会全都有大片的假唱所谓的E6，10个拍子，只在调音师的软件里，并不在他喉咙的声带里以他昨天的现场状态，连开八场，就是个笑话。他撑不到八场，就要去做声带手术了。因此，中国大陆歌迷，有权追回演唱会的门票。,-1,1,18,2023-12-08 19:18:38
这事建议五月天找国足取经。倒时差、水土不服、巴黎气候太干燥了影响嗓子、巴黎湿度太高嗓子发炎、巴黎空气太差影响嗓子、巴黎酥面包太干卡喉咙了、法师生蚝吃多了嗓子不舒服……说到这里，我不由想起了郑源的《一万个理由》如果你真的需要什么理由一万个够不够？如果我真的需要什么借口 一万个都不够,-1,0,1,2023-12-08 19:15:43
就这一场，要比国内开的68场加起来都要累，小命差点留在台上了。偏偏这一场赚的还不多，比起国内动辄四五万人起步的的体育场，简直亏到奶奶家了,1,0,4,2023-12-08 19:03:55
接了很多客，休息了一天，就说自己是良家妇女。五月天是不是觉得除了他们自己，别人都是老实人？呸！,-1,0,0,2023-12-08 19:01:12
上面的人手舞足蹈手持道具像抽疯，下面的人左呼右喊前摇后摆假高潮，这两件事只有在某一件事发生的时候才会发生。双方不时发出介乎于人工合成的声音，双方且有金钱交易，依我推断这里面必然有古怪。,1,0,0,2023-12-08 18:55:29
可能是法国水质不好导致发挥失常,0,0,0,2023-12-08 18:55:14
这不就跟地沟油一样吗？用地沟油说不健康，改用真油又说不如之前的香。,1,0,1,2023-12-08 18:50:16
01倪妮杨幂抛弃AB？这次的GQ红毯看点还是很多的，男星女星的状态都算是很不错的。GQ也算是下功夫了，改变了之前红毯的风格，直接让大家坐着船出场。只不过明星坐在一个小船里，气氛明显是有一些尴尬，灯光看起来也怪怪的。因为所有明星看起来都有点不知所措，所以尴尬还直接爆了热搜。也有同在一条船没那么尴尬的，就是倪妮跟杨幂，两个人甚至炒起了CP。两个人在船上牵手了，杨幂还差点摔进倪妮的怀里，倪妮还说，欢迎参加我们俩的婚礼，杨幂指着倪妮说，我妻子我妻子。​了解更多娱乐八卦猛料，请关注公众号/小红书/抖音/快手：八卦疯叔然后两人的CP就冲上了热搜，引起了热议，有人觉得两个人都挺漂亮的，也比较有意思，卖一卖也没什么。但也有不少瓜友吐槽，说倪妮现在经常跟女生炒CP，感觉有点卖过头了。这俩人今晚的合照跟互动都不少，也有瓜友好奇，她俩之前有这么熟悉吗？怎么突然就成了好闺蜜了？怎么感觉都是为了热度。她俩当然是认识的，但是之前没有营销过好姐妹，她俩倒是有一个共同的好闺蜜，就是AB。所以不少人看到她俩的合照，马上就想起已经凉了的AB。有一说一，那时候AB还在，三个人的关系也只是看着好，其实也挺塑料的，现在也是一样，只要能够有热度，谁和谁炒一下都可以，私下的联系并不多。02五月天的倔强！现在五月天假唱的事情闹得沸沸扬扬，关于这件事，评论也是两极分化，粉丝们一口咬定视频是恶意剪辑，五月天是被人黑了，要么就是嘴硬，说五月天假唱他们也愿意买票。更多瓜友对五月天非常失望，因为从现场视频来看，他们假唱的非常明显，也非常敷衍，感觉就是为了圈钱在开演唱会，在上海的时候连开八场，包括应援棒什么的也都在收费，所以引起了很大的吐槽，瓜友们纷纷觉得五月天这是要晚节不保了。因为假唱还会涉及到违法的问题，甚至不少律师都在讨论，五月天到底会受到什么处罚了。一开始五月天的团队也给出了回应，说要直播他们在巴黎的演唱会，后来又否认了假唱，还是没什么用。知道五月天的主场阿信本人亲自发长文回应了假唱的事情，疯叔给大家画一下重点，就是自己真唱，没有假唱。阿信说每次唱完《我心中的尚未崩坏的地方》里的10拍E6总是跪足捶地：“每次的嘶吼，每一场，每一声，都来自于我依赖了24年的嗓子。除了真唱，否则没有其他感动你的方式。我确信每一场五月天，都会用尽全力。整篇看下来，文字有点青春疼痛文学的意思，把最近的假唱风波归结为“有人在生日的时候调皮的往身上砸派”。但是整篇长文看下来，并没有什么重点，大致就是在打感情牌，不过粉丝还是挺吃这一套的，不少人都觉得阿信是被人黑了，他们没有假唱。评论区全是粉丝支持的声音。但是阿信的这个长文，引发了众多吐槽，不少瓜友都关注到，他写了这么多字，都没有正面回应假唱的事情，甚至不敢说一句“没有假唱”，感觉就是顾左右而言他。而且阿信还强调，自己真唱了10拍E6，这更是引起了圈内众多专业人士的吐槽，简单来说，装的有点过头了，五月天的歌也很少有这么高的海豚音。而五月天巴黎演唱会的时候，阿信在真唱的情况下，只是老老实实站着，也会边走边唱，但没有之前那么大幅度的动作了，甩麦甩到耳后更是不可能。网友也表示，五月天巴黎演唱会确实能听出来是真唱。有难度的地方也会有音不准或者破音的情况，也会躲高音让粉丝合唱。但也不是很影响演出效果，就像粉丝说的演唱会氛围也很重要。但越能听出是真唱， 越是对比的之前连开8场演出有多讽刺。一场全程三小时的真唱演出，消耗的体力和耐力难以想象，阿信本人现场最后段的时候明显已经拼尽全力，那么之前动辄连开几场的演出，又是怎么做到轻轻松松？所以不少网友认为，这场直播演唱会和之前的演唱会对比明显，反而间接证明之前有假唱的嫌疑。之前的演唱会音准完美得好像CD，而休息了多天的巴黎演唱会直播却并没有达到之前演唱会的水平。难道是五月天到了巴黎有些水土不服吗？至于五月天主唱在发文时“夸下海口”的高唱到E6的问题，也引起网友关注。有粉丝直接用音调仪测量阿信演唱会音频，发现不仅达到了E6，甚至都达到了F6，对此阿信本人还现身评论区认领说自己“冲过头”，但网友质疑没有提取干声是无法做出准确鉴定的。五月天在演唱会的最后还忍不住哽咽，说“一个黑暗过去了，另外一个新的时代要来临了”，并称：“不可能让每个人看到你就喜欢上你”疑似再度回应假唱争议。演唱会结束后，阿信也发文感谢粉丝。只能说，五月天在巴黎的演唱会在舆论的监督下确实真唱了，但也并不能证明之前没有假唱。反倒是会让花钱买票的歌迷感受到落差，明明能够真唱，却用假唱敷衍。03刘诗诗片酬曝光？近日《一念关山》剧组主演的片酬曝光了！刘诗诗一集片酬疑似278w，刘宇宁一集片酬195w，对此不少刘诗诗粉丝表示这个数字太假了，《一念关山》总共40集，刘诗诗一集278w的话，那一部剧下来她的总片酬不就是一亿多了，现在剧圈讲究个限薪令，她哪可能有那么高的片酬，更有甚者，认为278w是刘诗诗一部剧的总片酬。这就有点睁着眼睛说瞎话了，娱圈208w的名号不是吹嘘出来的，刘诗诗的总片酬绝不可能在278w。据疯叔所知，这个一集278w其实是以刘诗诗的出镜戏份拍摄时长为划分标准的，不是说剧一共40集，没有刘诗诗的集数，或者她出场较少的那一集也给到她278w的片酬。然后刘诗诗的总片酬在大几千万，相对来说，她这个片酬在影视寒冬期算得上是天价片酬了（比如杨幂、倪妮等85花现在的片酬是一部戏三四千万）！这是因为当初出品公司找刘诗诗就是为了来给刘宇宁抬轿的，片酬方面自然就给刘诗诗开了一个相当优渥的数字。本来拍摄时期，这部剧的高光戏份也是尽可能放在了刘宇宁身上的，只可惜剧播出后，刘诗诗和刘宇宁这对男女主的cp没能炒作起来，刘诗诗和常华森的“师徒cp”反倒更出圈。另外刘宇宁还被骂是古装丑男，目前剧的红利主要是刘诗诗和一众配角吃到了，刘宇宁当下在路人圈的风评相对较差，因为这事，柠萌和刘诗诗，以及联合出品方271都闹得挺不愉快的！04张韶涵假唱？现在有网友发现第一个锤五月天假唱的up主之前锤过张韶涵也假唱过，而且张韶涵吧吧主，还出来承认了说张韶涵出道至今假唱次数不超过10次。有网友说张韶涵从翻红起就一直营销自己冻龄冻嗓，是不是也靠假唱来撑演唱会。最近关于这事的讨论，音乐界所有的博主基本上都要下场了，特别五月天今天还出来吹牛，讲自己每场都要唱足10拍E6的高音，把乐理界的人也炸出来了，说估计只有知了猴能做到了，也是挺有意思的，目前关于假唱这事网上瓜都挺复杂的，粉圈和音乐圈是混战。疯叔去打听了一下，张韶涵在准备演唱会这一块算是真的花心思的了，她也没有冻嗓，前几年年纪大了以后，高音也飙不上去过，自己花了好几百万去学习新的发声方式延长职业生涯。但你说她从来没假唱过，疯叔是不敢打这个包票的。只能说今年，还没有网友来锤她有过离谱的假唱行为。但如果后续五月天被锤死了，那个up主之前测评过的人估计都要瑟瑟发抖了。,1,0,2,2023-12-08 18:45:12
我们普通人的肺活量只有几千而阿宏在巴黎的肺活量是53万而之前为了国内的五迷老师，阿宏展现了自己的最终形态，肺活量是1亿2千万！,1,1,0,2023-12-08 18:34:40
真唱气息不稳就对了，不然也犯不着假唱啊。既然真唱气息不稳，说明唱功有所下降啊。平时是不是打球、泡妞去了？这次被一个民间高手摆了一道。把窗户纸捅破了。那你们以后就得悠着点了。一次假唱没事，改正就是了。要是再被抓住一次假唱，饭碗可能就没了。,1,0,0,2023-12-08 18:21:16
怎么站在台上都不动一下我还是喜欢你以前唱歌桀骜不驯的样子,1,0,3,2023-12-08 18:20:45
五月天，是你，是你，是你，才有了五月天。现在热榜上也是，一天，两天，三天，直到你说出没有文案没有公关的内心话。哪天这个事过去了，五月天就会唱的更棒了。哪天他们组有谁说了，不好听的话，又倒查回来，还能不能赔钱,1,0,0,2023-12-08 18:09:05
抛开事实不谈这就是音乐！这就是青春！这就是五月天！事实：抛开我扯犊子呢,1,0,1,2023-12-08 18:07:37
所以蛮好奇的，评论区的人几个是晚上三点爬起来看了全场直播的？另外说个冷知识，因为堵车，三点十五才开场。,1,0,0,2023-12-08 18:03:19
我们粉丝就是去看“演”唱会的，被你们这些黑子搞得只能听有失水准的演“唱”会了。气鼓鼓   ,-1,0,1,2023-12-08 18:01:15
早这么唱，就算破音了路人也不会太苛责，只会说年龄大了还这么卖力，结果你先假唱，被锤了之后又来了一场真唱，还唱成这个样子，各种破音走调，感觉都要咽气了！明显跟之前唱的不一样，尴尬不尴尬！,0,0,0,2023-12-08 17:55:58
其实我还是蛮好奇的。真唱气息不稳，走音，或是忘词，各种突发，不是很正常吗？？体验氛围，看看自己喜爱的歌手，这才是去看演唱会的最大乐趣。如果是为了听效果最好的歌曲，那不如用看演唱会的钱搞一套高品质的Hifi设备（当然一场的票价可能不够），然后下高音质的音频来听。而且一般的走音，变调，气息不稳，普通观众在那种舞台氛围下根本就听不出来。所以假唱完全是一种损人利己的行为，除了偷懒，真的完全没唱功的人可能需要。真想不通五月天这种还算实力派的乐队（虽然很多人都吐槽阿信唱功烂公鸭嗓）干这种事是为啥。就为了恰烂钱保证自身体力多开几场吗？还是觉得歌迷真的人傻钱多（虽然部分歌迷真的是）？这一波真的是翻车翻大了，以后五月天演唱会，估计把把都得被盯上。,1,0,0,2023-12-08 17:52:27
他明明能大大方方承认自己假唱的，可是他却选择在自己的演唱会，唱着最励志的歌词，一次次的撕裂破音，自己锤自己假唱。我只能说这波自锤太摇滚了～阿信这样做一定有自己的深意,1,2,0,2023-12-08 17:51:36
看完巴黎演唱会，假不假唱已经无所谓了。五月天的歌一直都是属于比较有难度的，KTV里也经常点五月天《离开地球表面》《破阵曲》等，我肯定是不如专业歌手的，但是这些歌真的很费嗓子。看完巴黎演唱会片段，我知道五月天阿信也是人，单个一首再难唱也能唱，但是如果每一首都难唱，那是真的难，阿信在台上声嘶力竭至少证明了三点：1.实锤了之前假唱。2.阿信嗓音确实不如前了。3.五月天的歌不适合连续唱。我算是一直在关注五月天假唱的情况了，通过巴黎演唱会，基本上确定了是半开麦，也就是类似于全民k歌里的智能开麦，你不唱那后台就会把原唱放出来，这在技术上没什么难度，也能避免一些难度上不去的尴尬。所以五月天和幕后公司还是不要太贪心，歌虽然难唱但是确实是好听的，没必要硬和那些唱抒情歌的歌手比，难度不一样。,1,0,3,2023-12-08 17:43:53
我还是很支持阿信的，毕竟从小就听他的歌对我影响很大，那时候走在大街上全是他的歌，全班男生都喜欢他的节奏他的旋律。《死了都要爱》《离歌》《假如》《北京一夜》……到现在这些歌我都还记得歌词。​,1,11,53,2023-12-08 17:40:54
在现场的人可真就是稻花香里说丰年，听取蛙声一片了啊哈哈哈,1,0,2,2023-12-08 17:36:39
难题在上海文旅局。,-1,0,4,2023-12-08 17:32:38
关键是我听下来他巴黎站也没有真唱啊…,-1,0,1,2023-12-08 17:27:25
我是三伏天。今天我又要出来赚钱了，现在赚钱真的很不容易，抛头露脸的，还得应对媒体记者，这些不都是助理应该替我做的吗？每个月拿我这么多钱还要我亲自出马？不光是这些，演唱会还得让我亲自去，以前都靠修音才发的专辑，这么多年吃喝玩乐，哪有功夫练习发声？我哪儿抽得出时间来？你们这帮粉丝事儿还挺多，去了不就完了吗？还管真唱假唱？再说了，我凭什么真唱？你们配吗？真唱我唱的下来吗？你们真是高估我的演唱能力，低估我的表演能力！你就说是不是我本人亲自参加的演唱会，我没让助理代替吧？这够意思吧？粉丝还要怎么样，应该知足知道吗？你们应该自我反省，想想这么多年工作努不努力，薪资涨没涨？心甘情愿在那儿当个韭菜不香吗？让我割一下你们不香吗？你们又不是没被别人割过？有这功夫多想想自己，别老管别人的事儿！家住海边的，管的真宽！最后，记者给我留下，明天帮我出篇报道，就强调我怎么怎么被威胁了，怎么怎么不容易之类的，挽回一下我的正面形象！,1,0,2,2023-12-08 17:25:00
我锤我自己，文艺界第一人。哎哎哎老乡别退票，新加坡演唱会接着奏乐接着舞！,0,0,1,2023-12-08 17:20:46
没事，一些五月天的粉丝表示理解以及舌战群儒帮五月天洗白,-1,0,4,2023-12-08 17:17:27
嬛嬛：臣妾此身从此分明了！胖橘：嬛嬛受委屈了！温实初：这是十七爷的孩子，和我当然没关系。瓜六：成妾要告发熹贵妃私通，秽乱后宫，罪不容诛。各宫嫔妃：今天，我们坐在这里，是为了庆祝一位伟大的歌唱家完成了一次完美的E6。,0,0,0,2023-12-08 17:16:23
最近，五月天上海演唱会假唱事件，引起了很多人的关注。事情发生在12月2日，在五月天上海演唱会之后，很快就有网友在网上吐槽，称五月天是假唱。紧接着，有一位叫麦田农夫的UP主发布了一则分析视频，通过分析，五月天在演唱会唱的12首歌，其中有6首是假唱。很快，五月天假唱的话题便冲上各大网站的热搜，成为大家关注的热点话题。之后，随着事件逐渐发酵，圈内外多个个人或者机构发声表态，官方表示现在已经开始对此事件进行核查，而五月天则公开宣布没有假唱。目前，大部分网友都倾向于相信五月天是假唱，也有部分歌迷觉得五月天不是假唱。 在五月天被质疑假唱之后，五月天方最开始的回应，是公开宣布“巴黎演唱会将全程直播”，还喊出了“全民见证”的口号。这则回应虽然引起很多网友的吐槽，没有取得应有的公关效果，但因为已经公布，所以巴黎演唱会最后还是进行了现场直播。只不过，看了直播的网友表示，本来还不确定上海演唱会时五月天是假唱，但现在听万巴黎演唱会，可以确定当时的确是假唱了。之所以有这样的说法，是因为在巴黎演唱会上，五月天唱歌时气息不稳，飘忽不定，和上海演唱会时的状态，完全不同。上海演唱会时，五月天唱歌唱的气息非常稳定，稳定的就像放CD录音。这也没有几天的时间，怎么唱功还突然下降了？所以，才有网友吐槽，巴黎演唱会算是五月天给自己来了一记实锤。而对于假唱的态度，各方网友的态度，也不一样。有些观众觉得，既然状态不好，就不要开演唱会，大家去演唱会本来是奔着听现场去的，你现在放录音，这与诈骗有什么区别？也有些歌迷觉得，状态不好，有几首是假唱也不是不能理解，但假唱之后又坚决不承认，这个态度有点太让人难以接受。当然，也有人坚持认为上海演唱会五月天就不是假唱。对于是不是假唱这回事，目前官方已经表态，称正在调查核实，相信最后会有一个权威答案。但是，鉴定是不是假唱，很难。所以，对此大家也不用报太大的希望，因为不是官方不想有一个明确的答案，而是关于是否“假唱”，很难给出一个明确的答案。首先是采样，采样时采集五月天方给的录音还是网友的现场录音？现场录音万一有人动手脚怎么办？五月天或者主办方动过手脚怎么办？采样的困难还算好说，关于假唱的界定，才是最困难的。垫音算不算假唱？垫音和现场演唱的声音成什么样的比例才算是假唱？这些其实都是很难的点。但无论结果如何，五月天这次的风评，是受到了不小的影响。从专业的音乐素养来说，五月天其实很不错，唱过很多非常经典的歌曲。但从消费者角度来说，我花钱买票去听演唱会，你放录音骗我，这就是欺骗消费者。最后，即便鉴定结果证明五月天是真唱，他的风评也无法挽回了。因为群众的眼睛是雪亮的，演唱者或许可以钻“界定困难”的孔子，但消费者更愿意相信自己的耳朵。而且，五月天怎么解释上海演唱会气息稳定，巴黎演唱会气息飘忽这事？他又该怎么解释那些专业的分析视频中提出的质疑？当然，巴黎演唱会之后，他们就扛着钱回家了，这些质疑什么的，他们可能根本不在乎。 ,1,0,0,2023-12-08 17:13:21
我知道安慰一下上海看演唱会的朋友，你们这波没亏 ,-1,0,0,2023-12-08 17:11:11
20年老粉丝了，巴黎演唱会为什么没有唱《死了都要爱》啊？,-1,0,1,2023-12-08 17:10:55
啧……特别像之前那些[打出超神表现被人逐帧分析是否开挂之后露手直播]的大主播。露手这场。是不是自己真打呢？是。但这场水平……怎么说呢，反而坐实了之前高水平的超神表现是开挂。反向证明，这在电竞圈和主播圈，是早已有之啊。更骚的是，这个主播在露手直播之前还发了个小作文号称——每次在烂橘子平台上绝地求生，我10连爆头的时候都跪下捶地，来确认自己达到了游戏界至高的山巅……等等……绝地求生不是Steam平台上的吗？大哥你真的启动过这个游戏吗？之前那些声情并茂幽默风趣的绝地求生科普视频，真的是你自己做的吗？这才是最致命的。,1,2,19,2023-12-08 17:09:39
假唱风波之前也是五月天的路人粉。这件事最恶心的是让我想到了康师傅酸菜，供国内用脚踩，供国外无菌袋。回到五月天：在国内又跳又蹦不开麦，在国外又嘶吼又高音真澎湃。横批：10拍E6何处在,1,0,5,2023-12-08 17:06:21
E6算什么？人家已经冲到F6了，什么华语第一男高音简直就是侮辱，明明是寰宇第一高音！,1,0,1,2023-12-08 16:58:16
这次也垫了音，不过没有压过真声，所以大家觉得是真唱。如果五月天之前的场次被判定为真唱，那绝对是华语乐坛发展史上一个里程碑式事件。自此之后假唱也是合法的了。大家纷纷效仿，开百分之九十九的垫音，只开百分之一的麦，观众听到的只有垫音假唱，但不妨碍我是合法的。,-1,0,40,2023-12-08 16:56:08
很好很好，很明显假唱的热度要过去了，效果拔群,-1,0,2,2023-12-08 16:55:19
不稳才是正常的，因为他连续开唱的硬实力上限就在那摆着。他没那个体格和嗓子。日本健体业余爱好者长渕刚我也不是五月天的粉啥的，其实我任何歌手的粉也不是，咱只是想说，他们的这个演出频率其实已经超过了他的体力极限，要是不想假唱，那最好把场次调少点。否则必然翻车事故频发。别既想捞钱，又想假唱，又想保证质量，还想不掉口碑，想pea吃呢。卖力真唱演出，还要保证现场效果，还要口碑爆棚，都是体力活加硬实力，瞧瞧长渕刚这个出汗量，不打吊瓶人都得噶了。当然，樱岛通宵这种去了就超值的场次（甚至对观众体力有极高要求，目测九成年轻人），这种过分卖力的歌手，即便是盛产敬业仙人的小日子也不多见（更神奇的是他在富士山麓又整一场，真的不怕死诶）。更多的是像伍佰这样。咱也不假唱，但咱也不唱，哈哈。他们两人甚至有共同点，那就是观众要会跟唱，顺便走个大合唱。,1,3,9,2023-12-08 16:52:37
线上直播，笑死，当所有人傻，声卡这种东西很多主播都在用，你懂的,1,1,2,2023-12-08 16:34:37
老了就老了嘛，不丢人。看看隔壁伍佰，互动得多好？,1,0,1,2023-12-08 16:27:33
,1,0,0,2023-12-08 16:19:43
巴黎绝对是真唱了，差点儿要了命。（此处需要缝纫机乐队老中医台上脑血栓表情包）对于假唱的界定是，一句都没唱，才算假唱。只要唱了一句，这都叫半开麦。所以说，阿信说自己没有假唱，是没有意义的，应该回应的是半开麦到什么程度。观众以为的半开麦，在业内就相当于假唱，业内理解的半开麦，在观众看来叫垫音。路人可能不相信，五月天出道的时候，是摇滚乐队。我艹，摇滚乐队！你的态度呢？这要是个偶像男团，半开麦我肯定不骂，大湾区电影音乐晚会大部分人都在假唱，也没啥可骂的，毕竟里面很多人也不是唱歌的。但摇滚乐队不行，必须全开麦，你可以翻车之后道歉，但垫了肯定被骂。目前摇滚粉丝处于开香槟状态。,0,2,43,2023-12-08 16:01:07
宏哥估计是打了针封闭，硬顶着上了一场，其壮烈程度堪比当年马保国约架四十多岁中年男子。这场的表现确实已经是近几年最佳的真唱现场了，但是和之前国内一圈还是没法比。说起来，宏哥这人真倒是真，就是没有啥陈信。,-1,1,43,2023-12-08 15:55:13
没有！说了没有！,0,0,3,2023-12-08 15:49:53
92年东京枪花，好看,1,0,0,2023-12-08 15:47:55
挺好奇的，到底是像汪峰劈嗓子梁静茹跑调这种演唱会值得去，还是五月天对口型假唱这种演唱会值得去？,-1,9,2,2023-12-08 15:46:38
只看了恋爱ing那一段麦都放下了，还有人声呢。巴黎场是不是真唱不知道，只知道之前别的场次真唱部分像水牛。好吧，我以五月天粉丝性命担保，五月天演唱会都是真唱。,-1,0,2,2023-12-08 15:27:26
演唱会这类声乐技术技巧又能前期和现场操作，然后又是一首歌的垫音比例，真音比例的拉扯，很难界定假唱，使鉴定和执法陷入内漩和内耗，歌迷和管理方陷入被动。不如就简单粗暴的限定一场演唱会20首中3首可以假唱，30首中5首可以假唱，且假唱歌只许用CD，且不能换歌假唱，串烧组歌里的歌每首就是单独的一首歌，也就是说串烧组歌也受其管理。审批就规定表明要求，在预售时主办方，经纪公司，歌者就告知媒体和歌迷有几首假唱歌，哪几首，用CD形式。其它歌曲允许用垫音，不得超过一首歌时长的20％，半首歌也按标准版算，比如2分钟的半首歌，垫音一样不得超过时长20％，休想讨巧。鼓励全程真唱，全程真唱简化审批，可优先预约下两年场次，违反合同规定的，依严重程度，赔偿，罚款，限批，禁批。,1,1,0,2023-12-08 15:22:02
五月天被质疑假唱后大量乐迷与吃瓜群众齐聚风波过后的首场演唱会直播现场，在这里你会见证一个历经蜕变脱胎换骨的五月天。之前演唱会上疯狂摇摆手舞足蹈的五月天突然消失了，取而代之的是长时间站桩输出，演唱过程中转个身就已经算是比较剧烈的运动了。之前演唱会上被粉丝们奉为经典永流传的拉麦环节突然没有了，取而代之的气息极度不稳，让人感觉阿信能坚持唱完整场就已经烧了高香。看完这场演唱会你会明白五月天的良苦用心，这一场绝对是真唱，但也是真难听。他们之前猛冲科技与狠货可能是为了保护现场观众耳朵与精神健康，我的评价是真唱的观赏性还不如放CD。演唱会过后的微博热搜更是让人摸不着头脑，“阿信，黑暗过去了”，这还能再离谱点吗？你们是说中国黑还是巴黎黑啊？这是受到什么社会迫害了吗？怎么还一边儿圈一边儿叫开苦了呢？看见狂热粉丝深情祭出那一句“巅峰迎来虚假的拥护，黄昏照见真诚的信徒”，我差一点没被原地笑死。你们这不是追星，这是信教啊？这些明星把粉丝都祸祸成啥样了？害人不浅啊！,1,0,22,2023-12-08 15:21:51
枪手再写小作文时，以为是信乐团的阿信，所以随手就写了10拍E6。 然鹅鹅鹅鹅....,-1,0,3,2023-12-08 15:21:08
啥时候退钱,-1,0,0,2023-12-08 15:15:24
他假唱，他骗钱，他还委屈的不得了。。。。。。,1,6,99,2023-12-08 15:12:20
录音棚乐队 确实 是对一支乐队的侮辱你年纪大了 可以降key可以重新编曲可以把话筒给观众假唱？？？偶像包袱这么重？？？又菜又要赚钱？？？ 连开七场？？？现在氛围 风气还是国内好你看gala 每个音乐节现场都不一样唱的音准不准 从来不是关注问题你看伍佰 都不用自己唱了哈哈哈哈 所以嘛 五月天 还是菜 ,-1,0,17,2023-12-08 15:11:07
岁数那么大，快50了，而且是流行唱法，倒嗓很正常，承认就好了。比如，唱摇滚的，唐朝乐队的丁武现在唱A4都费事，前几年元宵晚会的《梦回唐朝》最高好像才G4来着，但是没人黑他们这场演出吧。换句话说，服老，大家还能为情怀买单，为青春买单。但你明目张胆八大家当XX耍是不是吃相有点太难看了？就拿10拍E6那事说吧，听见的时候我都以为是笑话——结果一看热搜，真敢这么说的？我属实蚌埠住了，什么神仙？大家注意，女声能唱海豚音的张靓颖，现场唱E6最多也就8拍，然而大伙儿管那叫海豚音。这么说可能不直观，以男生为例，KTV能唱上去A4的就能吊打一多半人。比如张雨生的《大海》，最高#A4。Beyond的《海阔天空》，最高A4。黑豹乐队的《无地自容》，最高A4。而能上B4的少之又少。比如孙楠的《拯救》，最高B4。韩磊的《向天再借五百年》，最高B4。至于C5，那是K歌大神。比如赵传的《我是一只小小鸟》，只是摸了一下C5，就让多少人原地破音。邓紫棋的《泡沫》，许多男同志在KTV能唱到痛不欲生，唱不上去啊。再比如张雨生的《天天想你》，最高C5，很多人点都不敢点吧。往上到D5，能唱稳的建议原地出道吧。最典型的是信乐团的《死了都要爱》，开头的两句，能喊明白不变成鬼哭狼嚎的万中无一，至少身边至今尚未发现。还有汪峰的《光明》，自己现场真唱每次都能车祸现场，更别提翻唱了。然而，这比信爷说自己的10拍E6低了一个八度还多。再举个极端例子，张雨生《玫瑰的名字》，最高音G5，目前华语乐坛，除了杨培安，还没人翻唱过，都唱不上去。链接如下，大家可以听听。【张雨生《玫瑰的名字》歌词版】 张雨生《玫瑰的名字》歌词版_哔哩哔哩_bilibili我平常也唱歌，不过和流行歌发声方式不一样，我是靠音色较为女性化的混声能顶到F5，当然我指的是能清楚咬字的情况，像是青藏高原那种快顶到B5的高音也能唱，但是没有咬字，只有咏叹。目前能做到的是状态好的情况下把《为了谁》这个最高音摸了一下G5，普遍高音集中在D5-E5的歌完整唱下来，就像发在B站的这个。哔哩哔哩音乐以上基于我有一个低男高的底子，换声点#D4。咱们在这就假设信爷是个高男高的底子，换声点在F4甚至G4，真混能顶到C5，假声能顶到C6（甚至这都是假声男高音乃至文艺复兴时期西欧阉伶的标准），我也没听说哪个假声男高音在E6还能保持稳定且唱出有质量能咬字的作品。如果信爷真做到了，那他将是千古第一人，直接封神的那种。而巴黎演唱会的反例，也证明了众所周知的一件事——E，不发音。,1,25,93,2023-12-08 15:09:47
这是一次有组织有预谋的对五月天的群黑，显然有人在背后带节奏，你质疑假唱，好人家敢立马全网直播证明自己不是假唱打你脸，你找不出破绽了，又开始带节奏黑五月天真唱唱的不好听，哪来的脸？？,-1,22,3,2023-12-08 15:05:53
歌迷太过分了，居然要看我真唱,-1,0,0,2023-12-08 15:05:13
上海文旅执法局：之前还担心证明假唱的证据不足呢。,1,0,1,2023-12-08 15:04:14
音道炎嘛,1,0,0,2023-12-08 15:03:26
只看了些片段，五老师真是该退休了吧。技术不好歌迷其实不太在乎，但人品出了问题，一切成就都会引人怀疑。最新版本更新内容：五老师不会写歌，别人代写的；从出道就开始修音，唱功一直都不行；演唱会一直都有假唱。现在怎么解释？很像一次不忠百次不容的感觉。在此之前，五老师是个人心中最好的乐队。再说一句，刚打完字这个问题就从热搜2掉到59，周五3点钟上班时间。,-1,0,0,2023-12-08 15:01:24
五月天：老了，老了，还被人评论，呸，真晦气。,1,0,0,2023-12-08 14:50:11
他真的，我哭死。他说全球直播就直播，说唱到日出就唱到日出。好了不抖机灵了。先说结论：几首敏感歌的真唱度高达90%。我只是一个普通的喜欢听歌的人，我的耳朵不能代表客观真实情况。但是就我看过的视频我来说一下：首先开场曲《盛夏光年》。从放弃规则开始是原声，这就是设计好的。但是但是，从我不转弯开始，他是真的在举麦唱啊！气息不稳，和我之前听的上海场以及南京场的完全不一样，上海南京场的“我不转弯”虽然混响切的和前面“放弃规则”不一样，但是与后面“我骄傲的破坏”明显都不一样，音色也不一样，但是巴黎就完全一样。我没有一个客观方法去对比这两者的声线，但是他巴黎场《盛夏光年》至少人声清晰的部分都是真唱，后面那些我要我疯有没有垫音我没听出来。《干杯》真唱度超过90%。首先“可歌可泣可是多怀念”的怀字直接飘，音色与之前上海等场次的完全不一样，“怀念总是突然怀念不谈条件”开始一样升key，但是绝不在原key上，与上海等场次有明显差距。“无论如何一起走到未来的世界”中无论如何嘴瓢了。第二段喘息声明显的一批，直接上气不接下气，这个在好好好想见到你系列演唱会中几乎没有出现的。“终究会有一天”开始他跑向鼓槌，这句词开始明显有边跑边颤抖的声音。“今天就是有一天”应该有垫唱或者麦音变小，因为“天”字几乎只能听到观众唱上去了。《伤心的人别听慢歌》不说了。《为你写下这首情歌》前面也真唱了。总的来说，这次真的在真唱，同时，之前在大陆或者伦敦都在假唱，假唱这个事绝对没得洗。—————————刚又听了一下《诺亚方舟》，原来这首歌也是假唱啊！巴黎场最后“勇敢的告别”开始，声音飘到啥地步了，和之前诺亚方舟复刻以及好好好想见到你的大部分场次唱出来的感觉都不一样，特别是“告别每段血缘身份地位，聪明或愚昧”，太明显了！,1,5,31,2023-12-08 14:49:44
我看了巴黎场流出来的《恋爱ing》1分23秒和2分33秒，这个垫音有点，不好说啊没有谁比谁更善良无论天后或天王无论小兵或老将曲终人散都要苍凉,1,0,1,2023-12-08 14:49:41
我现在不开挂就能证明我以前没开过挂，这就叫五五开精神。,-1,0,2,2023-12-08 14:46:50
五月天倒霉遇到了阿里献血，热度一直降不下去,-1,15,9,2023-12-08 14:43:50
说明巴黎污染严重空气不好，你看在国内明明就很稳,1,0,0,2023-12-08 14:43:44
五月天是不是假唱，大家质疑的都没问题。但都是站在观众的角度看的。但这件事情的核心，现在在鉴定部门。在鉴定部门眼里，结论只有二选一：假唱or不是假唱。注意啊，没有鉴定为真唱的可能性，这属于是把自己的公信力喂给五月天。如果结果是「假唱」，后果是啥呢？假一赔三，给大家退钱，把演唱会门票彻底做成理财产品。当然了，这中间的主办方、票务、媒体都要协调。这还只是眼前。以后大家都会对歌手开演唱会更加严格。注意啊，不是说严格不对。这会导致有些live不太行的歌手不敢开演唱会。很多演艺的项目会缩减。这对经济可不是好事。一个知名歌手的演唱会对于地方经济的拉动是很大的。机票、酒店、旅游、餐饮都嗷嗷待哺。就拿周杰伦来说，人家在呼和浩特开了四场演唱会，吸引了126.17万游客，带来了28.8亿元的旅游收入。演唱会算是疫情之后为数不多的能带动经济的热点了。鉴定部门出意见之前，这些得掂量掂量。我预计啊，五月天肯定会掉一层皮。但最后的结论简单来说会是「唱的不够真」。,1,0,0,2023-12-08 14:36:41
不管从事哪个行业请记住一句话做事之前先做人否则到最后都是得不偿失......,-1,0,0,2023-12-08 14:35:04
突然想起了一位故人，斗鱼第一女主播，阿怡大小姐。谈笑之间上王者，英雄池深如海，上分如喝水一样简单。在当时，像她这种游戏玩的好，还能在直播中跟人聊天开玩笑的女主播对于很多水友来说简直就是一种仰视的存在，因为没有人能够打高端局的时候还能分心和弹幕聊天，一是说明她的技术足够好，第二个就是她的节目效果把控也非常棒。吊打当时的一众男主播，职业选手。结果意念换符文，被网友锤代打。就各种名场面已经实锤了的情况下，依旧嘴硬，说没有代打。可能是演王者演多了，入戏太深，以为自己也有王者水平。在后期直播中开启摄像头对着手和键盘进行直播，以辟谣自己的“代打行为”。当时还叫上了两个钻石朋友帮忙带她，结果五连跪。历史给人的唯一教训，就是人们从未在历史中吸取过任何教训。,1,0,1,2023-12-08 14:34:45
返送，效果器，鼓mic都懒得摆全了当然有可能返送在耳机里，效果器直接无线进台子，有个工作人员在后面帮忙换音色，这地鼓的mic也没有，不知道是不是用了什么黑科技。这场是美国拉斯维加斯，票价可是国内的好几倍这么高的票价，舞台美术堪比5线城市。粉丝的钱真好赚啊大学生低成本摆摊:演唱会摆摊赚回票价,-1,0,8,2023-12-08 14:32:55
水土不服。。。。。。 ,1,0,0,2023-12-08 14:32:18
就这样真唱连开8场，我就喜欢你嘴硬的样子,1,2,20,2023-12-08 14:30:21
从离开地球表面开始，每场演唱会都要jump很久，大概从那个时候开始就有预兆了吧。众所周知，早期早期的阿信，至少十年前吧，在所有五月天歌迷的认知里都是个每场必破音走调提裤子的胖子。偶像包袱越来越重了，十年了，维持现在这种酷酷的样子很累的吧,1,4,13,2023-12-08 14:29:39
他们说黑暗过去了,1,0,0,2023-12-08 14:28:10
谁在乎他气息稳不稳，要在乎的应该是假唱之后怎么处罚啊。。,-1,1,0,2023-12-08 14:27:29
看了B站上分享的几首歌曲录像。作为一个非常不专业的听众，觉得很糟糕。好几首歌词根本唱不清晰，气息很乱。不过这也不影响我去KTV里点五月天，因为那些歌是我们这代人的青春啊。,-1,0,0,2023-12-08 14:26:54
不用专业角度，从观众的角度都能看出来不同。,1,0,0,2023-12-08 14:26:13
建议将巴黎场演唱会版本和以往各版本进行逐一对比，逐帧对比，音轨对比，看下到底是E6难唱还是真唱该如何定义。,-1,0,0,2023-12-08 14:23:47
巴黎空气真是养人呀，从十拍E6 直接跳到F6了。阿信还认领了！好笑程度直接拉满,-1,0,2,2023-12-08 14:17:47
24 年的嗓子背叛你了？,1,0,3,2023-12-08 14:12:31
现在的社会真可悲可悲点在于大家明明知道那是坨翔可是你还得证明它真的是坨翔就算你最后证明了那是坨翔可是，苍蝇还是爱它,0,0,3,2023-12-08 14:10:55
请求五月天，不要再侮辱我心中神圣的摇滚乐，真的求求了。流行就流行，再不要扯流行摇滚。流行摇滚的底线也得是真诚。真诚最少不会假唱！,1,7,15,2023-12-08 14:10:36
虽然唱不了E6，但是唱了个G8。。。,1,0,3,2023-12-08 14:08:01
算是自己证明自己之前假唱了,1,0,0,2023-12-08 13:59:38
你假唱还这么理直气壮，我看是没被重罚欺诈过。,0,1,0,2023-12-08 13:54:51
这是我见过的最迷惑的公关。也就是说，虽然巴黎场的大车祸现场（对于他们团，应该叫坠机现场更合适？名字起得好，就是好啊～）看起来应该是真唱，但，一来这跟此前的假唱争议其实没啥关系，二来，这种水平的“mayday现场”，跟此前的“宛如CD”确实相去甚远，于是虽然难以成为假唱的直接证据，但不是也正好证明了，他的能力确实达不到“宛如CD”么？以及，这团是不是觉得观众都是智障？问：你假唱了吗？答：相信音乐，下次演唱会会直播的。问：你之前假没假唱跟你下一场直播之间有啥关系啊？答：唯有真诚，能唱10拍E6。问：可是你这唱功……？答：黑暗过去了……懂得都懂。,0,0,15,2023-12-08 13:54:42
看了片段，鬓角死老长那人，哭丧个脸，感觉好像上不来气。打开视频声音之后，听起来像干白活的。总结如下：闭眼齁难听、睁眼齁难看。散会,1,4,8,2023-12-08 13:54:14
气息不稳，说明是真唱了，效果也比假唱好！张学友演唱会忘词了，观众帮忙唱，场面如春风拂面，温馨感人。伍佰演唱会，主歌副歌都是观众唱，他只唱和音，这种互动方式使得整个演唱会变得生动有趣，如同一副色彩斑斓的画卷。抖音上调侃说这钱太好整了！周杰伦演唱会忘词开始乱唱也是一种即兴创作的表现，值得我们尊重和欣赏。改调证明自己没有假唱，忘词证明自己没有假唱，不唱证明自己没有假唱，改词证明自己没有假唱。考试可以交白卷，但不能作弊，态度问题！,0,1,0,2023-12-08 13:53:53
本身跟儿歌一样的歌词和曲风就不是很喜欢，即使官方定义不了假唱，他们以后名声臭了不好到内地割韭菜也行。怎么没人说当年田鹏老师喷的对呢。,1,0,0,2023-12-08 13:50:53
五月天被质疑假唱这事，承包了今天一半的热搜。话题从周末开始发酵，原本只是网友和乐迷的讨论，到现在监管部门都已经下场。这次风波，很可能成为娱乐圈的一个里程碑事件。即——对假唱的不满，从议论纷纷，到集中爆发，最后是监管落地和常态化。从今往后。将假唱习以为常的艺人和行业，都不得不重新掂量掂量了。01真的假唱？目前，这件事尚未有定论。前天五月天经纪公司发文否认。今天阿信在生日发文“做好自己”，疑似回应此事。但网友已经有了自己另外的判断。最早是现场歌迷感觉到不对劲。然后b站up主@麦田农夫 利用软件进行技术分析，发现演唱会部分的歌曲用的是以前的录音。对比现场真唱和假唱歌曲之间的声线，阿信像是从松弛的大叔慢慢回归到了紧致少年的声音。甚至，他将五月天在上海、北京、香港同一首歌的三个现场版本放在一起对比。发现这三条音轨几乎一模一样。在这场“真假美猴王”之辩里，关于专业的讨论也出现了不少。比如演出时歌手运用了“垫唱”、“半开麦”，这算不算假唱？网友还扒出了一条旧闻——在16年前的厦门集美演唱会上，就有五月天的歌迷发现破绽了。到了2023年，这个问题还是依旧出现。更多网友放出自己的现场录制的视频，不用听也能发现其中的破绽——人声部分还在“唱”，阿信却忘记哪个手拿麦克风了。在舞台上，阿信与玛莎、怪兽一起又唱又跳，却声音稳得出奇。不仅没有喘气，就在做大幅度的动作时，声音一点波动都没有。以及，在上海演唱会与告五人的合作《知足》，阿信忘记自己唱段，在开口唱歌的时候，话筒里只有潘云安的声音。舆论积攒到今天这么强烈，并非偶然。02卑微听众的爆发事件的另一个背景——《演出行业演艺人员从业自律管理办法》《营业性演出管理条例》出台后，假唱有可能涉嫌商业欺诈，很有可能是一种违规违法的行为。就连五月天的粉丝也很难相信，这个从小听到大的乐队，会突然陷入如此大的危机。事实上，真唱，本是有要求、有追求的偶像所坚持的底线。2002年，梅艳芳的《芳华绝代》，胃痛的张国荣作为特邀嘉宾出现。开始只能坐在地板上，但当副歌结束后，他又即刻站起，眼神一变，进入了状态。摄影机给的特写里，他们二人脖子上的青筋出现，声音随着动作有起伏。这就是投入演唱时的真实表现。坚持真唱，就要承担更大的压力。以及要面对可能的意外。但真正的粉丝，是可以接受意外，和偶像的不完美的。大家更看重的是诚意。孙燕姿在演唱会上演唱《逆光》时，听到了音乐里出现了自己的原声。直接喊停，让音乐老师放没有原声的伴奏音乐，自己再唱一次。魏晨，在一次商业演出的时候，因为发现放错音乐了，马上叫停。并且还补充了一句：专业的歌手不假唱的。还有一些意外情况。像是林俊杰、陈奕迅在演唱会上话筒突然掉了，萧敬腾在舞台上突然摔倒。在那一瞬间，观众只听到伴奏音乐，而没有歌手的演唱，以此说明他们真唱。在一场周杰伦的演唱会现场上，周杰伦又忘词开始现编，他在歌词里还吐槽自己忘词：“这么多人来看，我是不是会很愧疚，是有一点。这真是个不好的示范，下面的艺人同学你们不要学习啊。”但这些都不算是黑点。因为苦假唱久矣的听众，已经被调教得相当卑微。甚至在歌手明显发挥失常的时候，都能收获一条赞赏——“起码是真唱。”破音、忘词、走调，都一笑而过。为什么呢？哪怕今天严词声讨。但无法否认，假唱，长久以来是业内的常态。萨顶顶这样的歌手，也出现过社死名场面。这种乱象由来已久。而且很长时间内，从歌手、主办方到观众，都不当一回事。2002年，崔健就发起了一个“真唱运动”，邀请了歌手、制片人、导演等与音乐、电视电影界相关的认识，以签名的方式加入他的“真唱运动”中。但崔健的这个举动，立刻引发了骂战。很多知名歌手表示不赞同，认为他“过于激进”。其中矛盾最激烈的是崔健采访时指名道姓提到的那英：“真有才华的艺术家，就是不假唱，拼就拼这一点。那英可以说20年没变化，我认识她的时候就是这么唱歌，那是因为她老假唱。”而那英在2003年5月接受采访时，对此态度是：“我绝对不会支持这个运动”，并认为：“崔健是对整个流行乐的不尊重，什么叫假唱？我是假唱吗？录音也是我自己唱的啊。”在当时包括那英在内的许多个歌手看来，现场放自己的录音，就不能算“假”。直至2021年，那英在《浪姐2》上，疑似假唱，又被爆上热搜。当然，这也不能一味地苛责歌手。“假唱”，很多情况是主办方的指定要求。可能因为场地的音响效果达不到要求，可能为了方便流程和避免意外，有的时候也是为了“一碗水端平”——别人都假唱，就你真唱，这一对比不就尴尬了么？龚琳娜回忆起改变自己生涯的一次假唱——龚琳娜指的这种“活”，是常态。无论是商演还是文艺晚会，都大量存在。事实上在那次演出中，没有出现任何意外情况，龚琳娜在台上数“一二三四五”也没有观众发现，但她说他们真挚的眼神，刺透了她的心。再这样空洞没有灵魂地唱下去，迟早会断送自己的艺术生命，龚琳娜从此决定不再假唱。但不假唱，几乎就等于失去国内舞台，没有演出邀约。于是龚琳娜只有出走国外，直到2010年《忐忑》爆火才让她有了打开国内市场的机会。无论崔健还是龚琳娜，他们对于真唱的追求，无疑都是“异类”。一个得罪了大半个圈子。一个落到没工作可接的地步。因为他们都过于超前了。歌手要适应大环境，而大环境就是，大众其实不那么认真听音乐，而业内要么过于敷衍，要么过于“严谨”。今天许多人都觉得尴尬的场面——2008年奥运会开幕式上，《歌唱祖国》台上表演的是林妙可，而这个声音却来自杨沛宜。但当时，并没有那么大的质疑。因为这符合了各方的需求——在那样一个时刻，真唱会不会出岔子？林妙可的外形，杨沛宜的歌声，合在一起才是大众眼里的“完美”。某种程度上。假唱的最大来源，就是这种将表面的完美看得比音乐本身更重的集体默契。但今天。从有担当的歌手，到越来越较真的歌迷，大家逐渐开始正视假唱问题。在今年7月的《十三邀》里，韩红在排练时，听到旁边的音乐人员帮自己很自然地把垫音整出来了。她说——因为你们这些技术人员可以通过手段让歌手减轻他的负担甚至唱不上去的也能唱上去但是作为歌手本人来说非常的不应该因为你吃的是这碗饭你被称之为职业歌手你不可以唱不下来你如果唱不下来就不要开演唱会了就在家待着就好了今天五月天的风波。无疑把反假唱的运动，完全搬到了台面上了。03真的很重要老实说。被质疑假唱的人不少，为什么矛头集中到了五月天。首先，很多被听出“假唱”、严重修音的，本不是专业歌手，而是有表演要求的演员。这样的艺人，不真唱也就罢了。毕竟ta要真的唱了，你的耳朵也得遭老罪。然后，这些假唱现象，可能是出现在晚会，有直播需求，而受邀的艺人作为被动一方，没有决定权。而五月天就不同了。这是他们自己的演唱会，他们自己有选择权。而且不同于电视上播的晚会，听不听都无所谓，为了听这样一场演唱会，歌迷是付出了金钱和时间的。大家不就是为了亲眼看见偶像，现场听歌吗。今年，五月天已经在内地各大城市共演出了39场演唱会，场场爆满。而这种开演唱会的密集程度，乐团是否有足够的休息、调整的时间？不重要。重要的是，他们身上的商业价值有多少。虽然，票价的最高价定位为1855元，最低价为355元。但，一票难求，开票秒售罄，黄牛票已经将第一排1855元的门票，炒到了18885元，翻了10倍之多。就算如此，在上海体育场举办的8场演唱会里，一场演唱会人数将近8万，八场演唱入场人数共超过36万。这样的规模，让住在体育馆附近的居民都觉得有“震感”。当观众不再那么难以笼络。当偶像超负荷运行。今天发生的一切，好像也就不奇怪了。于是歌迷感受到了“背刺”，辛苦工作换来的一张高价门票，音效还不如在家听CD，歌手糊弄敷衍的状态，连我上班摸鱼时80%的认真都没有。是乐迷不值得被尊重么？还是，乐迷将他们捧得太高，早就让他们看不见乐迷的存在了。这样难看的下场，怪谁？怪他们。还是怪自己太惯着他们了？在疫情结束后的这一年里，各大演唱会、音乐节也开始慢慢复苏，票价也水涨船高。但，当乐迷们掏心掏肺地给钱时。歌手们是否还能拥有一些本有的职业道德，认真对待歌迷，承认唱不了了，承认这一场的状态就是不行了。这很难吗？今年4月，张惠妹的演唱会在高雄演出第十场时，喉咙发炎，实在无法坚持下去，先是唱到《身后》时，哽咽到唱不下去，在麦克风里传来抽泣的声音，最后她向歌迷们道歉。虽然没有马上结束演唱会，但也是在歌迷的打气中，慢慢地将演唱会进行下去。今年9月，薛之谦在巡回演唱会的第二场时，就发烧39度。在舞台上向观众允诺，可以无条件退票，并承担外地歌迷的路费以及酒店费用。这种事儿其实并不少见。2016年，郑秀文的红馆演唱会，一开始就出现声音沙哑的情况，唱到最后她忍不住对观众说：我好痛苦，我还有七场，可不可以退钱给你们？2018年，刘德华的香港演唱会，也是因为喉咙发炎无法继续演唱，最后泪洒舞台。承认，并不羞耻啊。反而这种欲盖弥彰，更丢人。,-1,0,1,2023-12-08 13:50:33
娱乐圈已经到了歌手唱功不行，演员演技不行，主打一个滥竽充数。,1,0,4,2023-12-08 13:47:36
曾经我也是一个运动男孩，引体向上正握一口气能做将近60个。参加工作后也没有场合有单杠，我心里就产生了一个错觉，“我引体向上能做50多个”后来我们同学聚会回到了学校，在操场感叹岁月变化追忆青春的时候感叹了一句“我引体向上能做50多个”于是疯狗一样跑到了单杠下，雄鹰似得一跃腊肉一样挂在了上面，一动不动。3秒后我掉了下来，迎接我的是旁边刺耳的笑声。那笑声不仅是提醒我那贰佰四十斤的肚腩，还在告诉我不远的曾经是20年前。但我不会沮丧，因为不是我做不了50个引体向上，只不过是我太久没真的做了。哼。,1,0,0,2023-12-08 13:44:36
真唱你说气息不稳 假唱你说不尊重观众  究竟要我信如何面对,1,3,0,2023-12-08 13:40:39
华晨宇气息稳啊，永远的神就是厉害,1,0,1,2023-12-08 13:38:08
近日，知名摇滚乐团五月天在巴黎演唱会上的表现引发了广泛关注。有网友指出，五月天在巴黎演唱会上真唱表现不佳，气息不稳，与以往演唱会版本对比明显。此前，五月天曾被质疑在上海演唱会上存在假唱现象。五月天所属唱片公司相信音乐已回应称“没有假唱”。有网友表示，五月天在演唱会上气息不稳，高音全靠嚎，被批评为“难听”。另一方面，有网友认为，五月天在演唱会上的表现与之前相比有很大差距，质疑其是否因为唱不动而选择假唱。12月6日晚，五月天主唱阿信发文回应“假唱”风波称， “每次的嘶吼，每一场，每一声，都来自于我依赖了24年的嗓子，除了真唱，否则没有其他感动你的方式”。回应不仅没有平息风波，反而让舆论更加热闹。12月7日早，热搜榜，“五月天假唱”的话题占了一半。尤其是阿信回应称唱足10拍E6、抵达至高的山巅，让E6直接喜提热搜第一，知名音乐人耳帝辣评：十拍E6，那得是房山季鸟猴（季鸟猴是北京话知了的意思，形容一个人话痨，特别能吵，吵架就跟知了一样，一吵能吵一整个夏天）。不少网友评论认为，是不是假唱就一句话，但阿信几百字的长文也没有正面回应，这篇青春文学类的小作文，有些答非所问了。12月初，B站UP主“麦田农夫”称，由于今年以来收到多位网友关于“五月天假唱”的投稿，所以他选取了粉丝拍摄的五月天上海演唱会12首歌，进行真假唱鉴定，结果是“近一半为假唱”，涉及《恋爱ing》《伤心的人别听慢歌》《知足》等热门歌曲。今年以来，演唱会持续火爆，“为了一场演出奔赴一座城，”各大城市明星演唱会一票难求，其中就包括五月天。今年以来，五月天在北京、杭州、武汉、上海等城市巡演，演出强度极高，国内外至少安排了68场演唱会，其中9、10、11月更是连续保持月均超8场的节奏。2023年11月，五月天在上海更是破天荒地举办了8场演唱会，观众达到36万，门票价格门票在355元到1855元不等。据媒体报道，五月天单在上海一地就吸金超6亿。这次五月天“假唱”风波中，发声平台为“相信音乐”，12月4日，相信音乐发表声明称，“五月天在巡回演出中不存在任何假唱行为，网络上关于‘五月天假唱’的言论均为恶意攻击、造谣中伤，严重损害我司艺人形象。一般而言，明星的演出由专业性公司主办操盘，经纪公司则不会介入到具体的操盘中，但有些市场影响力强势的艺人则直接成为大型演唱会的操盘人，从演出、票务、制作等方面直接参与到演唱会的主办事项中。此外，五月天演唱会“官方”荧光棒140元的售价，仅北京演唱会光荧光棒销售就达5万根，总额突破700万元，被很多人称为对歌迷“割韭菜”的行为。一句话总结就是，五月天演唱会主办方、制作方、经纪公司、票务平台编织成了一张庞大的利益网，实现利益最大化。有演出界人士称，经纪公司与主办公司应是一对互相制衡监督的主体，“我们的演出合同会明确明星的权利义务，尤其是关于假唱的条款都有明确规定，如果经纪公司与主办公司一起的，没法监督了，还有像票务如果也自己做的话，那还可以利用黄牛炒票。”,1,0,3,2023-12-08 13:35:30
去微博转了一圈，此时热搜我觉得热搜二三位连一起就是这提问的答案,0,0,3,2023-12-08 13:31:30
法语 m’aider后面演变成 mayday（大家可以查一下意思）他们起名字的时候有没有想过最后的车翻在了法国（狗头）,0,1,1,2023-12-08 13:31:13
我不专业，感谢五月天，让我学会了“E6各表”。阿信不愧叫阿信，自信认领E6、F6，如果阿信唱不到E6一定是E6的错。如果不是E6的错，那就是秦始皇的错，都怪秦始皇没有一统E6。唱歌水平真的不如煽情水平。,0,1,8,2023-12-08 13:29:59
老板：你连续迟到一个月了吧？员工：没有，绝对没有，不信你看我明天早上是不是9点之前就到了。老板：那也不能证明你之前没迟到啊？员工：我最早可以早上5点就坐在工位上。老板：不是，那你也没有回答我问题啊！员工：懂我的自然懂，你不懂我就把位子让出来，好多老板还抢不到我这样的人才呢。老板：小王，把这个神经病开了！,1,1,14,2023-12-08 13:23:32
很明显，不需要回答，对比看视频比文字解释更容易让人接受。我想说的是，这不是第一次也不会是最后一次，情况好一点——这是五月天的最后。下一次演唱会依旧座无虚席。演唱会真她妈赚钱，所以，为什么不每一天都开演唱会，这些歌手是真的傻。这里提供一个可以365天开演唱会分建议，可以把演唱会各部分拆开卖，线上线下两个模式，分表演票，音乐票，音乐票又包括标准、SQ、HQ、“现场”版和现场版，现场版每年有个几场就行，“现场”版只需那一年内的现场版录音就行。线下的除现场版，其他都是提前录好的，到时候会每人发个耳机（粉丝专属哦），里面有你选择的音质，耳机咱就不算钱了，买音乐票送的，感动了吧，荧光棒也不算钱，买表演票送的，哭了吧。,-1,0,0,2023-12-08 13:19:33
刚刚看到了五月天巴黎演唱会的几个片段。这种感觉怎么形容呢，总结起来就是，真的是用一场自我感动、酣畅淋漓的真唱，证明了自己以前真的是在假唱。我真怀疑五月天的这个live水平，真的还没有一些KTV大神好啊。,1,10,374,2023-12-08 13:18:57
"社交性质的，大型的有仪式的局...谁唱了什么，段子谁讲的，讲了什么，祝酒词...这只是些无关紧要的琐屑，只起到开场旁白的作用。大把人去弄那种买椟还珠的事。这重要的不是得自己嗨起来么。有酒乐逍遥,无酒我亦颠,一饮尽江河,再饮吞日月。",1,0,0,2023-12-08 13:18:42
鉴定为乐坛温实初，我开始心疼了,0,0,0,2023-12-08 13:14:50
来个不插电强势回应质疑(手动狗头),-1,0,0,2023-12-08 13:13:09
无论官方最终能给出什么结果，大众心里都有了一杆秤，但不妨碍会有大量粉丝继续追捧，甚至路人也不会缺席，这就是现实世界的现实生活。估计最好的结果，就是以后内娱假唱这种表演方式在程度上会收敛一些，比如增加真唱的比重和减少演出数量。但也有可能催生出更熟练的假唱方式，毕竟，其中起到主要作用的还是商业逻辑。,1,0,3,2023-12-08 13:12:43
这就是卖肥牛卷的之前拿鸭肉泡牛肉粉糊弄我，现在拿一半牛肉一半鸭肉糊弄我，还卖了肥牛的价格,0,1,0,2023-12-08 13:12:19
看给他洗的粉丝，只能说饭圈的东西很难理解【[最终回应农夫]https://b23.tv/vaOnBzk,1,0,0,2023-12-08 13:08:27
根据视频的车祸程度来看，应该是真唱。只是这样一来，之前的假唱就更明显了。不过也没办法，毕竟承认是不可能承认的。要掩饰一个被拆穿的谎言，怎么都是尴尬。,-1,0,8,2023-12-08 13:07:33
别的不说，热搜撤的挺快,-1,1,5,2023-12-08 13:03:08
唱的不太好，但这就是五月天的水平，也是很多非实力派歌手真唱的水平。气息不稳，音高偏移也挺多，时不时有破音，10拍E6也没有，唱了个12拍的E5唱成这样丢人么，不丢人。因为作为职业歌手，除了勤加练习外，确实还有天赋的原因，年龄大了唱不好了，也可以理解。就算是因为平时没练习保养好，那也是小丢人。但如果弄虚作假，就丢人，很丢人，太丢人了。尤其是如果假唱是为了多唱场次，多圈钱，那就是丢中丢。这场中阿信的声音明显全程都是中年声，是一个40来岁的人该有的声音，有沧桑、有疲惫、有经历。唱起自己过去写的那些倔强的、不服输的励志歌，也不在是过去那种青春无敌、充满未来希望的样子，而是带有更多中年的沙哑、疲惫、压抑。但这种经历沧桑之后的，又要唱着这种向上、积极、奋斗歌曲时候的样子，却又会给人一种独特的不屈感。已经开始衰败的嗓音、已经开始衰败的身躯、已经开始衰败的名气，但是依然高唱着《倔强》、高唱着《生命有一种绝对》、高唱着《我心中尚未崩坏的地方》。这样的不屈才是人们喜欢五月天的地方啊。我也是从小听五月天长大的人之一，即便我已经很多年没有听过他们的歌曲了，但他们的确陪伴了我许多小学、初中的岁月，留下很多回忆。我心中的五月天，是一个作词和旋律非常厉害的乐队，是一个积极向上的乐队，是一个带给人很多力量的乐队。如果说要我提取一个他们乐队整体的灵魂核心，那无疑就是“不屈”。“不屈”的反抗精神是贯穿他们很多歌曲的灵魂核心，“永远年轻永远热泪盈眶”是他们歌曲给无数年轻人传达的信仰，也是五月天能作为最好的青春图腾的核心。人们喜欢的根本就不是五月天“永远年轻”的声音，而是他们老了也一定要“永远年轻的心与不屈。”人啊，一定要接受自己的衰老，接受自己的下坡，尤其是搞艺术的人。年轻的时候创造力、精力还能允许你走在前沿，创造最好的作品，到年老了在作品上下滑是必然。我特别喜欢作为生活方式的哲学的这种概念，艺术也一样。一个年老了不再能创作出顶尖艺术作品的艺术家并不会死去，但当他抛弃艺术的生活方式，抛弃艺术的本质——真实之后，他就真的死去了。如果哪天衰老到无法创造艺术了，就活成一种艺术吧。,1,27,200,2023-12-08 12:59:12
我一直以为阿信是主唱，没想到是主演……,1,1,103,2023-12-08 12:58:11
内在逻辑：整场真唱-唱不好影响风评，影响后续口碑，人设崩塌无法持续收割-整场真唱无法连续多场超高强度收割最大化变现（比如上海八场）-年龄越来越大，可以收割的时日无多，再过几年要唱大概率只能纯假唱了（真假混合都不行了），风险太高太冒险，更是会晚节不保，乐队也不答应这点自尊还是要有的。结论：疫情放开，只有真假混合以实现连续多场超高强度，在有限可唱时长且仍有热度时实现最大化收益。,-1,0,0,2023-12-08 12:54:38
WHO CARES?,1,2,0,2023-12-08 12:52:43
阿宏，没有陈信为上海文旅执法大队，提供了时间相近的对比音频文件，功德无量,1,0,5,2023-12-08 12:51:01
还得是我龙姨，真摇滚 还得是「二手玫瑰」,1,0,0,2023-12-08 12:49:26
从头到尾对这个乐队丝毫无感，现在看来，难怪。。从来看不懂别人对他们的追捧情怀，多少年来每逢周围谁一脸发春晒演唱会门票我都一脸问号：怎么回事呢？就凭这？明明靠脸摆pose吃饭的，还硬凹实力摇滚人设，说不出的不伦不类，歌嘛，还是听过一句有点印象的“我和我骄傲的倔强”，心说这个水平就和我初中时候作文随便拿一句出来哼唧一下也差不多。,-1,0,1,2023-12-08 12:46:45
可能是巴黎的空气不行，卡嗓子。,-1,0,0,2023-12-08 12:45:37
他唱得…他自己得喊Mayday了吧。是不是外国信号不好，唱得要挂7600。音调低了 Pull up Pull up走调了 Bank angle Bank angle唱节奏乱了 Retard Retard 唱得快缺氧了 Terrain Terrain算了吧真的。少赚点钱，多一些真诚,-1,0,1,2023-12-08 12:44:27
人家周杰伦就很会，旁边叫几个兄弟一起，还有大合唱，或者说台下的幸运儿唱，都挺好。不过像周杰伦这种明星，他就是不出声，站在那一个小时，观众也心甘情愿了。,-1,7,8,2023-12-08 12:43:54
看了几个视频垫音还是很夸张啊，不垫音这哥们得全程车祸现场。,-1,0,7,2023-12-08 12:43:51
不懂音乐，无法评判，但是听说玩摇滚的都要keep real,0,0,0,2023-12-08 12:39:38
不客气的说，唱功跟他们不沾边，破音，跑调比比皆是！,1,0,8,2023-12-08 12:39:14
不是五迷，但九月份抢到广州第一场，演唱会期间我也发现有对嘴型没对上的时候  但还是觉得可能是大屏幕传输画面有延迟今早再看了巴黎这场我沉默了我想问问即便是假唱是否应该对粉丝抱有一些内疚呢？哪怕多假唱一小时 假唱还到点就走 甚至提前结束(知足事变)个人认为大众愤懑的点都是在五月天的态度，大家为你花钱你拿大家当猴耍。建议每个歌手在演唱会结束之后看看场馆外深夜排队等地铁等车的粉丝们，良心何在要问我现在是什么感觉？《五月天不值得》,-1,0,0,2023-12-08 12:37:56
五月天用巴黎的演唱会证明了“五月天真唱是什么样子的”，这给了大家一个很好的对照样本。拿着巴黎演唱会的水准，和最近被质疑的机场演唱会的水准对比一下，一致就是真唱。不一致的话。。。呵呵。,-1,0,0,2023-12-08 12:37:21
如何解读？就是想转移注意力！他们就是想把假唱问题说成能力问题。你们要是一直追着假唱不放，那不是毁了么，终身禁止。技术问题也好，能力问题也好，哪怕承认自己是大傻逼都行，但是就是不能让大家以为是假唱。,1,1,0,2023-12-08 12:36:18
E眼顶针，鉴定为6,-1,1,51,2023-12-08 12:34:48
就算巴黎是真唱，难道插进去再拔出来就当没事发生？,-1,1,2,2023-12-08 12:34:09
巴黎的时差海拔温度纬度都跟上海不一样，在巴黎唱的时候年龄跟上海的时候也不完全一样，唱出来的效果肯定不一样，变量没控制怎么评价（doge）,-1,0,0,2023-12-08 12:33:20
谁说搞摇滚的不能Jump了,1,0,2,2023-12-08 12:32:42
简直是大型灾难现场，石锤之前是假唱了。,-1,0,2,2023-12-08 12:31:53
我和我最后的倔强~,0,0,0,2023-12-08 12:31:42
班上一个同学在一次考试中考了100分，同学说都说他是抄的，他不承认并且说下次考试全班看着我考。第二次考试在全班同学的见证下考了50分。朋友们，你们说他上次考试是抄的吗,1,0,3,2023-12-08 12:30:48
假唱是为了节目效果好罢了，真唱了，又被小人黑子们喷“气息不稳” ......假唱也是人家用心提前录制好的吧  也是真的唱了的。我不是五月天的粉丝我就是看不惯一点点小瑕疵放知乎上能被说成是很差劲的不友善氛围,0,14,2,2023-12-08 12:30:36
我个人，只听歌，不追星，对明星没有善意，也没有恶意。我喜欢五月天的歌，最喜欢的是和孙燕姿合唱版的《温柔》，我单曲循环了超级久。我还喜欢周杰伦的歌，宋冬野的歌，陈奕迅的歌，刀郎的歌，河图的歌，梁静茹等等的歌。但对于他们本人，我都没有任何感觉。所以，五月天假唱（就当前互联网上的信息来看，我没有仔细求证过），对像我这样的人来说，一点影响都没有，除了一直挂在热搜上。在我看来，对任何一个明星，捧他们的人和踩他们的人，一直都是同一批人，至少是同一类人。我也相信真有单纯伸张正义的人，这种人往往被利用带头冲锋，然后被抛弃。,-1,16,4,2023-12-08 12:28:43
在巴黎至少人家不敢假唱,1,0,1,2023-12-08 12:28:31
唱歌完全不懂，可能巴黎气压有点低吧。,1,0,0,2023-12-08 12:26:59
上次考试考了一百分同学们都说是抄的，然后说你们看我下次考试，结果最后考了五十分。最后向全班同学说黑暗过去了，感谢大家。,1,3,31,2023-12-08 12:26:32
陈信宏和2个神秘男子飙车，已知男子1开的AE86，男子2开的A8，最终获胜者男子1大声嘲讽到：“就这？我一个人就当你们两”，那么请问，陈信宏开的什么车？,-1,2,14,2023-12-08 12:25:35
五月天：好歹这场演唱会我们真唱了，还要什么自行车？,0,0,0,2023-12-08 12:24:36
很奇怪，一年几十亿人民币的收入，为哈不请几个厉害的声乐老师？这主唱气息不稳，是基本功的问题。不但气息不稳，高低音处理不好，颤音也不会。。说这些，粉丝会说他们听的是青春，是情怀。算了。哪位大神能扒下他们的作词作曲是不是本人创作的吧。因为说了10拍E6，10拍没做到，E6也没达到，乐理知识真心很差。。,1,28,92,2023-12-08 12:24:20
巴黎纬度高,-1,0,0,2023-12-08 12:20:48
要50岁了，流行歌手这个水平很正常吧,1,8,0,2023-12-08 12:18:43
看了巴黎场，说实在的，全真！且表现比很多场都好，唱的善可，专业角度？我是本职导演，所以只能从画面动作角度解说~~！对比了1.可能假 2.已证真 3.巴黎场，得出的结论是：1.疑假曲：阿信大部分时间手是持麦中间，2.已证真曲：大部分时间是手持顶部，碰麦嘴，喜欢闭眼唱（可能歌手习惯和发声方法有关？）3.巴黎场：同2大家对比下我看的对不对？（巴黎场）疑假曲：,-1,6,11,2023-12-08 12:16:31
气息不稳？阿信的最高音明明已经到了F6！阿信对此表示，他唱过头了我宣布，阿信才是亚洲第一歌神谁赞成，谁反对？,-1,5,14,2023-12-08 12:14:42
真实的才是丑陋的像声音美颜与人脸美颜一样你想要的是什么,1,1,1,2023-12-08 12:13:24
之前的演唱会水准明显要高一截，绝对是行走的CD级别的。巴黎的表现应该是演唱会开的太多，嗓子太累了导致的。我还是喜欢他的小作文，PUA味道浓烈，比唱的好听。,-1,0,1,2023-12-08 12:11:38
我觉得歌迷说的即使花钱去现场听CD也愿意这个没什么问题，毕竟情怀是你自己的，钱是你自己的，你爱怎么花就怎么花呗。但是对于五月天来说，歌迷的纵容不是他们假唱的理由。往大了说，他们对不起音乐，对不起职业，对不起歌迷；往小了说，他们对不起自己的内心，对不起自己写的那些歌词。,1,0,1,2023-12-08 12:11:33
最难绷的是阿信甚至不愿意在录音室重录一版，而是直接放当年专辑发布时的音源…不夸张的说，我上次听《干杯》是十年前，但流传的视频里我刚听到第一句就立马知道是假唱。,1,0,3,2023-12-08 12:10:52
我很好奇的是，难道你们觉得披荆斩棘也好，乘风破浪也好，他们又跑又唱又跳的，难道真的全是真唱吗？假唱我觉得很普遍很普遍吧,-1,33,6,2023-12-08 12:10:32
那么广州11月份那几场有没有假唱呢，我也是花钱买票了的,-1,0,1,2023-12-08 12:09:28
暴论：按这个唱功和机能全真唱这轮巡演最多能开17场而不是77场就得进医院治嗓子了。。青春感的声音可以用更科学的发声唱而不是也要和正在变声的男生用一样的唱法（并垫音 接唱太难的地方）。。。,0,0,0,2023-12-08 12:07:32
如果全世界都与我为敌，我也要对抗到底。我并没有罪，有罪的是这世界。生而为人无罪，我不需要抱歉。我就是玫瑰少年------维塔·天临·信。这难道不是对摇滚精神最完美的诠释吗？明知不可为而为之，这不足以令人动容吗？我家哥哥都50的人了，还这么拼，你们还要怎样，没完了是吧？伍佰场场划水逛街，你们怎么不去骂？？？ ,1,1,1,2023-12-08 12:07:18
五百还不唱呢，歌迷这么较真,-1,1,0,2023-12-08 12:04:50
AE86没有A8,1,7,16,2023-12-08 12:02:29
这下自己把自己捶死了。巴黎直播这就是饮鸩止渴，缓兵之计不撞南墙不回头，给后面资本拖延时间的。巴黎假唱→直接死巴黎真唱→暂时死不了→各种巴黎对比内地视频出来→捶死用自己的真唱证明之前是假唱，这是五月天最摇滚  精神的一次。,1,0,66,2023-12-08 11:59:39
本来就唱不上去，还把麦克风扔了和台下粉丝互动，真的不理解（黑人问号o.0?,-1,1,1,2023-12-08 11:59:21
虽然这次唱得不好但这次的观众一定是被之前的观众羡慕的因为之前的观众都是听录音带,1,3,2,2023-12-08 11:59:20
五月天用本场的真唱证实了以前的假唱,-1,0,2,2023-12-08 11:58:53
淹死会水的，打死犟嘴的。,-1,0,0,2023-12-08 11:58:41
宁可全程真唱打脸，也不承认之前假唱，这就是倔强。,1,0,3,2023-12-08 11:57:52
要骗就骗一辈子，别半途而废啊！！你拿我对你的信任骗我、伤害我，我不怪你，只怪自己太傻了。以前爱你，现在也爱你，只是不会再把爱提起，深深的埋藏在内心深处。1、这一场是真唱，也是真难听，不如放CD！2、经典的拉麦没有了，又蹦又跳没有了，站桩式演唱会，最多加个转身！3、明白五月天的良苦用心了，放CD是为了保护粉丝的耳朵，他们真暖心，我哭死！4、求求你了，继续表演吧，CD配上阿信的神级表演，视频观赏性高！假唱、行走的cd 、真唱难听上热搜，我天，还看不清到底什么情况吗：假唱要钱 真唱要命啊宁愿活在虚伪的世界，也不愿面对现实的残酷！,1,0,11,2023-12-08 11:56:36
粉丝一直在洗他嗓子不行，不是啊，他正常音域范围内的音，也没准过啊！比起高音，气息，他为什么不练一练音准啊，跑调跑的一塌糊涂就算纯音痴，唱了这么多遍也不应该跑成这样这是多少年没跟着钢琴唱过音阶了不努力，不尊重音乐，不尊重观众 ,0,0,2,2023-12-08 11:55:33
和国足国内6：0，国外0：6一样证明了自己真正的实力。我不是麦克疯，我只是麦克风的搬运工。,1,0,1,2023-12-08 11:54:43
他都已经真唱了你们还要怎样（手动狗头）,1,0,0,2023-12-08 11:54:38
"看了5首歌的视频。。。enmm,怎么说呢。以前真唱的段落，还是真唱。以前垫音的段落，全开麦了。以前假唱的部分，变成垫音了。垫音声音超级大，我看的是第一排拍的《盛夏光年》我不转弯那几句，垫音声音都比原声大了。。。开麦了吗？开了。。垫音了吗？垫了。。怎么说呢你说是伴唱和声也行，但原声真的要切没了。。《我心中尚未崩坏的地方》3分到3分20秒之后，那个和声也好，垫音也好，也太大了。。《你不是真正的快了》3分05，后面少了一句高音吧，好像。《恋爱ING》，感觉垫了不少啊，2分04话筒拿走了，声音也没啥变化，起码垫了70%吧《突然好想你》，和国内版本区别也太明显了。。《倔强》，1分50之后，嗓子就不行了，气息完全没了，高音基本躲了一半。《温柔》，开口第一句崩了，3分钟高音破了放弃了，4分之后和倔强差不多，气息和嗓子也累了《伤心的人别听慢歌》，进唱就崩了，主要也是气息不够，垫太多了，主唱声音好小，感觉全是和声，没有主音。别的不说了，就说这几首，印在我心里的歌吧。。明显阿信不活泼了，也不爱边唱边跳了，突然变站桩选手了。说实话，垫音可能没敢开太大，导致很多歌主音特别不明显。。但部分段落垫音起码开到70%了。和国内场的对比，过于明显，也没必须细说了。。。",1,33,365,2023-12-08 11:53:50
说巴黎演唱会全真唱的是没有看直播吗？如果垫音半开麦也算假唱的话，那其实还挺多的。我昨天只看到5点，其中的恋爱ing垫音直接变身少年阿信，弹幕满屏的问号，正常人应该都听出来垫音开高了。但这次演唱会确实是个大型车祸现场，太多的跑调破音，尤其是高音很不稳，有没有E6不是很清楚，但是可以确定高音很难听，由于前面几首歌耗尽了力气，后面唱就主动降k了。每次破音，弹幕白子一直在刷悲壮，黑子一直在刷哈哈哈。无论白子黑子都达成共识，真唱后的质量很差，也能明显对比出之前完美的假唱。,-1,6,51,2023-12-08 11:53:12
不只是气息不稳吧，音准也很不好,1,0,1,2023-12-08 11:51:51
假唱对于某些综艺演出、晚会演出来说，几乎已经是正常操作了，以至于某些艺人/乐队可能把这种操作带到了自己的专场。可别说他们是摇滚乐队了。对于摇滚乐来说，现场/LIVE的表现和互动是灵魂中的灵魂，是绝对要用真实的演奏和演唱呈现的场合。完美的现场是不存在的，但生命力就在这些不完美里。不怕你偶发翻车跑调，就怕你作假啊。我刚看完的超级斩HYPER SLASH巡演北京站，主场酸发烧难受，直接舞台摆了个椅子，实在坚持不住的时候就坐在上面唱一段，明显听出来状态不好气息不足有唱不上去和不稳定的地方。其实以他们歌里放很多电子program伴奏且人声一直加Auto-Tune的风格，混进去一些人声的高音部分来假唱，大家可能也听不出来，但人家也是一直在舞台坚持整场肉嗓真唱啊。这才是摇滚乐！,1,1,10,2023-12-08 11:51:42
真的好心疼哥哥，还不如假唱保护好自己的嗓子,-1,0,2,2023-12-08 11:51:40
说到底还是内娱的观众好糊弄呗，不值得他们尊敬呗，钱好捞呗,0,0,0,2023-12-08 11:51:37
只有反对假唱的声音足够大，假唱后后果足够严重，才能让后面那些有想假唱的一些人好好考虑一下值不值得假唱。如果高高拿起轻轻放下，那假唱就更肆无忌惮了。歌手唱好歌是理所应当的，但是现在呢当歌手在台上唱的不好时也觉得的还不错，因为至少是真唱，现在歌手都这么好当了吗，坚决不能让劣币驱逐良币。,-1,1,11,2023-12-08 11:51:23
要是真唱律师函早就发起来了,1,0,1,2023-12-08 11:47:45
国内粉丝该明白了，人家对咱才是最贴心的，为了现场效果，现场氛围，为了大家听得舒心，方方面面给大家照顾到了。去海外了，可就不那么在意啦，直接真唱磨耳朵啦。,1,0,1,2023-12-08 11:47:24
我记得之前看格莱美，也有个人假唱，是ed Sheeran吧。不过唱到一半后台把他的假唱声音给关了，他边唱边shit，shit的骂，可搞笑了。,-1,0,7,2023-12-08 11:45:52
我有一个疑问，就是他们临时决定直播演唱会这个行为，有没有损害买票的观众。就是，当初买票的时候不知道这个演唱会是直播的，如果知道有直播的话一些人就不会买票了。等准备开唱了，因为主办方自身的原因要突然开直播。那些观众事先是没有知情权的。,1,7,14,2023-12-08 11:45:20
专业的事情交给专业人士和机构去做，只谈个人看到的。看了五月天巴黎演唱会的几个网友现场视频，聊聊我的感受。1，阿信真的老了，唱着挺费劲。2，整唱演唱会槽点很多，比如音准问题，破音问题。3，对于大家关心的E6，看的几段视频中并没有上去。4，此次演唱会现场和上海演唱会现场对比差别十分明显。蹦跳少了，和之前现场比简易堪称乖宝宝。就这样。,1,0,1,2023-12-08 11:43:45
是人，不是机器。也不是cd。所以气息不稳太正常了。从唱的专业来说，每个人都有判断，但要知道，这是演唱会。相比几年前的表演模式，当下大部分的演唱会，“演”的成分要比单纯唱歌的占比更大。而五月天的问题是，太过下劲在演的方面了。现在官方还在调查。其实最终也就是对于假唱的定义需要再细化。等一个结论也就行了。而造成这一切的，除了盈利的动机，还有以演代唱的路径选择。就像近日任贤齐在演唱会上所说，歌手唯一不能被取代的就是“live”（演唱现场感）。这个“live”可以是有瑕疵的，甚至是唱破音的，但就不能是自欺欺人、忘记职业本分的。而五月天在意的，似乎就是载歌载舞，一起来一个大party，所有人都不需要沉浸在歌曲里，也不需要真正的懂的歌的内涵。这其实是对于演唱会的误解。演唱会最至关紧要的，是氛围。我至今还记得看到邦乔维95年演唱会的激动。那是一种深度的沉浸，所有人没有手机，没有乱七八糟的手环，应援，手幅，就是举起双手，看着台上，跟着主唱激动流泪，两双手，一颗心，一个冰凉，一个滚烫。文化变了，受众变了，市场的打法也变了。歌迷成了粉丝，也有了一整套的流程。这也倒逼主办方换思路，逼歌手，玩儿梗，逗闷子，多说话，而那些真正感动人心的，能够打动我们的内容，让位于形式了。反过来，加上明星的光环，又会强化粉丝的这种印象，以为这一切是明星们喜欢的。结果两方都困在自己的茧房里。有这种风波，也算是一种双向奔赴吧。,1,3,20,2023-12-08 11:43:43
想起了今年夏天的三小只，当时说排练不走心，音色变了努力的夹……这样比较起来，还是超级敬业的，至少是真唱呢（狗头保命）,-1,0,0,2023-12-08 11:43:03
以前觉得冯提莫一般般怎么会火，现在一看提莫练习还算到位,1,0,5,2023-12-08 11:42:42
感谢五月天，让我这种音盲了解到E4、E5、E6，指的不只是屏幕材质或者汽车，我还以为五月天转型做手机了呢。,1,0,19,2023-12-08 11:42:14
假不假唱是小问题，哪首歌是他自己写的是大问题,-1,0,1,2023-12-08 11:41:55
我是来看 话的。,-1,0,0,2023-12-08 11:40:50
其实真不是不回应，而是真不敢因为歌手一旦被人关注到是否真唱这个问题，就意味着，已经失去信用了这跟银行征信差不多，一旦有黑点，就需要很长的恢复期而歌手一旦失信，意味着他以后的每场演出都会被放大放大再放大，然而对于五月天这种本来就不算实力唱将的歌手来讲，再加上年龄增长，那他的歌手生涯即将报废，就这样的频率，这样的强度能坚持多久？真唱假唱说实话，相比之下已经不那么重要了,1,2,3,2023-12-08 11:40:43
从专业角度说，老艺术家建议都别上台了，大部分老艺术家都会因为随着年龄的增大而导致嗓子机能老化。而情怀这东西，却是越老越爱的深沉啊。有些利益团体为了黑而黑，他们真的从什么角度都可以挑出问题。今天从气息不稳来说，明天就会从相貌、私生活入手。再放眼内娱圈子这些年轻艺人，我认为就算把他们加一起与现今的五月天比，都显得无比渺小。一个个是要作品有样貌，要唱功有样貌，要演技有样貌，且有些真唱歌手一张嘴我就.....想逃。我看内娱歌手也就薛之谦、毛不易有戏。影视表演这方面，我认为还是港台演员更有味道。,1,0,0,2023-12-08 11:40:39
假的真不了，无论时间多久，一定会被扒出来。所以，真实面对，不要说谎。,0,0,0,2023-12-08 11:39:30
承认假唱会被封杀吧？只是还想掐大陆的钱罢了。,-1,0,0,2023-12-08 11:38:18
怎么个事，真就两岸E6有汇率，一E各表啊,1,0,0,2023-12-08 11:36:48
假到真时真亦假，无为有处有还无。在闹哄哄的讨论过后，其实真假早有定论，已经不需要所谓“专业解读”，只是对有些人而言，坚定是“真唱”很重要，对有些人而言，大力“打架”更重要。但总归是一地鸡毛。在这一地鸡毛背后，是今年火爆的演艺市场：2023 年全国演出市场呈持续上行趋势，供给需求旺盛，市场活跃。数据显示，今年全国营业性演出多达 34.24 万场，同比增长近 278%，演唱会与音乐节热度飙升，持续拉动消费增长。在兴趣人群层面，演出行业兴趣用户规模庞大，女性占比超过 6 成，中青年群体分布广泛，主要集中在新一线及二线城市。在地域消费层面，线下打卡演出现场成为用户分享生活的重要方式，以奔赴北京为代表的跨城观演助推旅游出行。另外，与演艺市场同步爆火的还有旅游市场。而旅游族群多为中青年、一二线城市用户，具有一定的财富基础。随着旅游业全面复苏，旅游族更加活跃，CityWalk、研学游等多种出游方式爆火，线上旅游服务类平台如携程旅行、去哪儿旅行等 OTA 平台承接更多增量。美食、演唱会成为旅游业发展的新动能。与旅游相关的各关联场景中，文化消费增长最为突出，电影演出票务类平台流量暴涨。嗯，不得不说，这生意有得做。,1,0,2,2023-12-08 11:35:26
湾湾特色的腹泻摇滚                                                                                                                                                                                                            摇滚不死，青春永驻！,-1,0,0,2023-12-08 11:33:27
"记得当年学唱歌第一课，满以为老师会教怎么发声，怎么用嗓子,唱歌技巧那些的。结果老师教了整整一节课的呼吸。。。现在看阿信耸肩的胸部吸气方式，真好奇这么多年没人说吗？",-1,0,0,2023-12-08 11:31:59
和之前在我上海听得没区别 网络喷子就会硬黑 网友人均音乐家,0,9,2,2023-12-08 11:31:44
也有观众表示理解，认为五月天在演唱会上的表现可能受到多种因素影响，如现场环境、体力等。我不理解，可能因为我的甲方和老板从来不会考虑我的工作不理想，是受环境和体力等因素影响。,0,0,0,2023-12-08 11:31:32
纯路人，不懂乐理其实嘛我觉得，冷处理就好了嘛，唱完这场巴黎的不管怎样，都一直冷处理就好了嘛但是他偏不，他非得头铁，唱之前就先吹了自己能唱E6这下让大家怎么放过你呢,1,0,1,2023-12-08 11:30:44
就阿信那个唱功，一场演唱会几个小时怎么可能不跑调他年纪也不小了，体力下降，真唱肯定气息不稳的所以之前的假唱不要太正常啊,1,0,0,2023-12-08 11:29:59
证明了就是到国外就真唱，到国内就假唱 ,-1,0,0,2023-12-08 11:29:32
很多人批评五月天巴黎演唱会气息没有上海演唱会稳？其实真相可能并不是真唱or假唱！我想从专业的角度出发，为五月天说几句。。众所周知，上海位于北纬30度左右，而巴黎位于北纬48度左右。纬度越高，则气压越低！气压越低，则会引起胸闷气短!!十几个纬度的差异，阿信能唱成这样已经很不容易了！因此巴黎演唱会的表现是正常现象，如果和上海唱的没有区别反而不正常了！看到这里肯定有喷子质疑我的专业性。。可我真的是专业瞎几把扯的。,-1,0,4,2023-12-08 11:28:13
5.1秒E5，实测。E6是E6不了一点的，用各种软件测出来的都不准，还是以看图手测为准。（为什么会有波动，是因为泛音远远大于基频。不要惊讶，泛音大于基频是人声的常态，谁唱都是这样的。）而且仅从逻辑上讲，就无法在E5和E6之间跳动，差八度呢，怎么可能。更多的见上一个回答阿信再发文回应假唱传闻，称自己可以唱到 10 拍 E6，如何看待此事？从音乐专业角度分析这是什么水平？,1,33,132,2023-12-08 11:27:55
没啥说的，自己锤自己，铁锤！,1,0,0,2023-12-08 11:26:01
没有谁能逃过髮国的投降魔咒。哪怕每天十拍E6的阿信如行走在人间的CD也得跪。这是不是就合理了？？？,1,0,1,2023-12-08 11:25:23
五月天开演唱会搞钱，但是放录音假唱。这就是我的解毒,1,0,0,2023-12-08 11:25:11
10个E6，一眼顶真。,1,0,0,2023-12-08 11:23:28
哎呀，时差没倒过来，影响嗓子了嘛。,1,0,1,2023-12-08 11:22:30
现在十二月大冬天，五月天有远着呢，能稳么？,0,0,1,2023-12-08 11:21:49
五月天的肩膀在巴黎找回来了hhh～～只要一换气，就提肩，这个动作连自己都骗不了。,0,0,49,2023-12-08 11:21:06
 我一直以为阿信是主唱，没想到是主演…… ,1,9,664,2023-12-08 11:18:32
现在我们都相信五月天在巴黎是真唱了，因为气息、音准和大陆场次天差地别。那么请艺人和经纪公司正面回应一下，为什么在国内假唱、巴黎真唱？是区别对待海内外歌迷、纯粹把大陆粉丝当韭菜，是欧美演出市场法规更严格、没胆子假唱，还是之前一直假唱、只是被锤之后紧急改真唱洗白？这三条是哪个，给个准信呗。一条大陆演唱会假唱就够封杀，已经被官媒锤了。要是咬死不承认一直假唱，那你们意思是区别对待中国歌迷？真不知道五月天这个公关思路的逻辑在哪哦。,0,46,817,2023-12-08 11:17:38
看了一点他的直播。我发现，鉴别他是不是真唱很简单，就看他老不老实就行了。乱动还能飙音的一眼假了。。自己证明的,1,0,6,2023-12-08 11:15:29
为什么都说上海演唱会是完美现场，之前群嘲破音走调，为了泼脏水打脸自己都不顾了？233,-1,0,0,2023-12-08 11:14:41
巴黎演唱会我录屏的第8秒 你就是维他命 l o v e--------话筒离开 e声还在唱的你别告诉我是什么和声，哪个和声和主唱一个调的https://www.zhihu.com/video/1716414213654953984,1,5,43,2023-12-08 11:14:22
这几天看了那么多脑残粉的发言，深感国家还是得让更多的孩子上高中。,1,16,168,2023-12-08 11:13:39
真唱起来有点累，现在风口浪尖，应该不会假唱的~这时候是真水平。质疑假唱->网络舆论->当事人声明未假唱->权威媒体批评假唱，有则改之无则加勉->开始引导可能有伴音、垫唱->真唱时间可能不是百分百，但不是假唱->真唱气息不稳.....照这个趋势，最后的可能结果是：1）没有假唱，只是起息不稳，属于技术不过关，道歉就行了；对于质疑假唱的人进行追责；2）没有假唱，有点伴音，属于行业管用伎俩，不属于欺骗。——免责的可能性越来越大。,-1,0,1,2023-12-08 11:13:37
如我以前答案写过的，现在的公关重点不在粉丝，而是官方的调查组这场真唱并不是唱给粉丝听的，而是向官方调查组，或者国内的主办方表明一个态度：我陈信宏还能唱（虽然翻车），以后也不假唱了，这次你们就放过我吧，我以后还想来大陆挣钱。期待一个官方结果，希望这次杀的鸡足够份量。,1,0,39,2023-12-08 11:13:08
巴黎纬度太高，出现高原反应了（今年我是出不了院了）,1,0,1,2023-12-08 11:12:37
他仿佛在说，呐，就这个样子咯，你们不会喜欢对吧？他仿佛又说，喏，就这个样子，很难吗？但他仿佛没明白，尽力局还是勉力局不重要，你快掉段了你明白么。,1,0,0,2023-12-08 11:12:30
真唱气息不稳，跟之前差别明显，那不就是实锤之前是假唱吗？,-1,0,1,2023-12-08 11:12:24
说好的十拍E6呢，在梦里唱了么，从侧面反应上海的演唱会到底是真唱还是假唱了,1,0,0,2023-12-08 11:11:50
为什么不愿意承认假唱呢？因为会出现史无前例的假一赔三，别说陈信宏自己了，赔上经纪公司都不一定够好在法律意义上的假唱大概是够不着的，大概也能用半开麦糊弄过去半开麦不算假唱，所以他们敢咬死没有假唱，麦田农夫的鉴定视频里也说了，是有真唱的部分的但就算这样，陈信宏也骑虎难下不能再和之前一样不唱了，必须唱，但是嗓子机能退化这玩意又不可逆所以就呈现出巴黎场这种拧巴的景象——唱了，但和国内场次的表现天差地别至于那个E6，真的算了吧……别说学过的了，没学过的去听一下E6的音都能听出来不是E6最后叠个甲，无论是否假唱，没有人能否定五月天曾经为华语流行音乐做的贡献，他们至少还是贡献过不少名曲的,1,2,19,2023-12-08 11:11:47
一定是巴黎空气的问题。,1,2,1,2023-12-08 11:10:09
曾经10年老粉表示，阿信真实唱功是这样的，唱功一直挺差，年轻的时候边唱边蹦，现在再唱跳怕是大爷要厥过去了 ,-1,0,1,2023-12-08 11:10:02
五月天明白，做实验，得有对照组。,1,0,4,2023-12-08 11:09:55
真正的勇士是知道自己会翻车还执意前行。虽然诈骗岛人品不行，但是勇气可嘉。,-1,0,8,2023-12-08 11:09:30
这演唱会法国还有人看？果然，如果膝盖生了根，见到什么人都会想跪下。,0,1,3,2023-12-08 11:09:24
别再讨论了，否则下一个新闻就是巴黎演唱会是因为身体生病，才表现出了舞台差异。,-1,0,2,2023-12-08 11:09:14
这不就反向实锤之前大量假唱了吗！原来真唱会颤音会跑调会破音，高音上不去跑跳也会有喘气声，也没有时间做那么多浮夸的动作和表情，更重要的是没有撅嘴   ,1,1,8,2023-12-08 11:08:53
像我这样五音不全的人不好评价专业歌手的唱功，但是麦克风拿得近点和远点会影响声音传播声量的大小，这点基本的常识还是具备的。五月天在巴黎唱得不好听，可能水土不服；在上海演唱会稳定输出，可能是现场观众热情感染。真实情况怎么样，我不过多评价，交给监管机关去鉴定。目前“五月天”上海演唱会的原始视频、音频，已经提交属地文化市场稽查部门，有关部门将对提供的音视频内容进行科学的测评分析，并公布调查结果。博主“麦田农夫”选取了粉丝在演唱会现场拍摄的12首歌曲，提取人声进行分析。据他判定，12首歌曲中，《干杯》《恋爱ING》《知足》《爱人错过》《伤心的人别听慢歌》为假唱，《为你写下这首歌》前几句是假的，后面是真的。声理学领域的专家的意见，假唱鉴定软件的准确性并不是百分之百。它仅能通过声音的波形和频率来判断是否与原唱相符，但不能完全排除现场音效和混响的影响，也不能考虑到歌手的情绪和表达的变化。因此，仅仅依赖假唱鉴定软件得出的数据并不能作为唯一的评判标准，需要结合其他证据进行全面的分析。还是静待调查结论吧。如果最后鉴定为假唱，根据《营业性演出管理条例》，以假唱欺骗观众或者为演员假唱提供条件，相关部门将对演出举办单位、文艺表演团体、演员向社会公布。演出举办单位、文艺表演团体在2年内再次被公布的，由原发证机关吊销营业性演出许可证；个体演员在2年内再次被公布的，由工商行政管理部门吊销营业执照。其中，以假唱欺骗观众，观众有权在退场后依照有关消费者权益保护的法律规定要求演出举办单位赔偿损失；演出举办单位可以依法向负有责任的文艺表演团体、演员追偿。由县级人民政府文化主管部门处5万元以上10万元以下的罚款。,1,0,0,2023-12-08 11:08:38
公关的思路其实逻辑是OK的，如果不是e6太过于抽象，这次其实大概率可以大事化小。核心的思路就是，五月天是能唱的，只不过场次太多，为了舞台效果，不得已才用假唱。如果阿信没有那段逆天言论，他最后卖力拼命搞几场，证明自己水准线以上的实力，还是能扳回不少的。但现在问题是他有那段逆天言论，结果整个场面就变得很滑稽了。本来是看歌手，现在是在舞台上看小丑，画风直接就不对了。把事情搞得这么悲壮，何苦呢。涸泽而渔，不过如此。,-1,19,45,2023-12-08 11:07:30
在国内偶像明星都只要靠卖脸不靠卖艺吧不管年龄多大都是粉丝眼里的宝宝爹妈给点零花钱怎么了一个给得乐意一个拿着得意谁家宝宝不是最棒棒的呢有瑕疵的宝宝也是完美的宝宝钱来得太容易就没有力气去搞创造了你以为自己是别人衣食父母别人当你是刷脸的提款机,-1,0,4,2023-12-08 11:06:39
                               水土不服                               唱的不好听                                     正常,-1,0,0,2023-12-08 11:04:23
他只是想捞钱，他有什么错（哭腔）,-1,0,1,2023-12-08 11:04:05
不愧是摇滚乐队，无需发言，凭歌声证明自己,1,0,1,2023-12-08 11:04:05
好好看看这五个人今年在国内开了多少场演唱会吧，真的就是堪比拉磨的驴了~人现在就是死活不松口就是说自己没假唱，哪怕明年开始就退圈，今年一年圈的钱，也早够不知道玩几辈子了。所以，除非官方下场定义，不然五月天是不可能承认自己假唱，就跟五五开不会承认自己开挂一样,1,1,1,2023-12-08 11:04:00
懂了下次可以使用巴黎场的录音,1,0,2,2023-12-08 11:03:25
之前PUBG或者LOL一些主播开挂被锤，他们线下直播自证，结果好像都起了反作用。这还挺像的。 ,-1,0,5,2023-12-08 11:00:58
挺好的 比我唱的好,1,0,0,2023-12-08 11:00:24
国外真唱国内假唱真有他的看不起大陆是吧Σ_(꒪ཀ꒪」∠)呕,0,0,0,2023-12-08 11:00:01
昨天我在xhs刷到消息说，五月天2024年在北京报了10？13？场演唱会，什么全新主题。再结合巴黎演唱会的情况，我怀疑他们以后要走卖惨路线了。,-1,11,22,2023-12-08 10:59:44
太好了，这样以后是不是国内的票就比较好抢了！！！,1,45,3,2023-12-08 10:59:04
抽空去看了b站的扒假唱原视频，只能说没得洗，只要你有耳朵，你有基础的乐理知识，都无法否认假唱的事实，真唱的曲目已经是在ktv水平中还比较拉胯的那种水平了，我只能说去现场听演唱会的朋友都是真的猛士，花钱听人鬼哭狼嚎,1,0,27,2023-12-08 10:58:02
那之前呢？现在看来，不光音乐差点儿意思，其他方面也有些问题。,1,43,199,2023-12-08 10:57:36
所以说，国内的监管部门在某些事情上，规定条款的不清楚和不专业，才是造成这种乱象的根结。简单的说，就是惯出来的的毛病。监管部门，虽然有规定不允许假唱。但究竟是什么是假唱？垫音多少算假唱？没有清楚的规定。既不清楚，也不专业。不是不能真唱，是有规定，无监管。即便有监管，也有充分和稀泥的空间，那自然有人去卡bug。有人卡一点偷偷懒。有人突破底线撒开了纯靠bug赚钱。所以说，这事情注定会成为国内演唱会里程碑似得事件。此后现场人声占比多少才算真唱，垫音垫百分之多少算违规？诸如此类的细致化规定该出台了。所以说，规定的进步，第一步就是有人去突破了底线。,-1,0,1,2023-12-08 10:57:00
五月天也太蠢了吧，为了证明自己不是假唱、非要直播一场真唱，看了点视频、更相信在大陆的演出是假唱了，差距太大、坐等退票,1,6,16,2023-12-08 10:56:42
我puq都已经有人说阿信能唱到F6了 E眼丁真鉴定为（）,0,0,0,2023-12-08 10:55:43
这就是差别，伍佰演唱会上，他就不装，他就不唱！,1,0,0,2023-12-08 10:55:14
假唱风波后，12月8日凌晨3点，五月天巴黎演唱会准时开唱。这场演唱会，五月天是否真唱依旧是焦点。有网友对比五月天此前演唱会发现，该场巴黎演唱会上，阿信出现走调、破音等问题，此前阿信发文中提到的“E6”，他并没有唱上去，且在演唱过程中疑似为了保证气息平稳，减少了之前演唱会的蹦跳、甩飞话筒等动作，近乎“站桩式”演唱。同时也有网友表示，巴黎演唱会现场，五月天唱得还算稳。而在演唱会结束后，五月天主唱阿信未理质疑，发文称：“岁月有你同路，陪我唱到日出。谢谢所有城市的支持，谢谢演唱会团队，谢谢每个你。”此前，五月天曾发长文回应假唱质疑称：”除了真唱没有感动你的方式，“每次的嘶吼，每一场，每一声，都来自于我依赖了24年的嗓子”。但仍被质疑回避真假唱问题，毕竟提前录制好的歌曲也是来自五月天自己的声音。长文中的“每次唱这足10拍E6的高音，总是跪足捶地”又引发新一轮讨论，有舆论称五月天根本无法唱上去10拍E6。7日凌晨，五月天演唱会伴唱黄士杰在评论区回应阿信E6问题：“这里E6表述是以钢琴的记谱方式（科法），最低音是从A0开始，接着是B0和C1，一路往上到中央C4，崩坏最后的最高音是钢琴上的E6，即阿信写到的E6。理解不一样可能因为大家的基准始点不一样，所以各自解读会有所不同。 ”来源：九派新闻,-1,6,80,2023-12-08 10:55:12
麦一离开嘴 巴黎圣母就没声音,1,0,0,2023-12-08 10:55:00
这不就是间接证明了之前的那个气息稳定的就是假唱了吗？,-1,0,0,2023-12-08 10:54:55
五月天：尼玛啊，这钱现在不好赚了，不说了等我喘喘气。。。。,-1,0,0,2023-12-08 10:54:31
到底是真唱假唱？！给个准话不行吗？磨磨唧唧半天。,0,0,0,2023-12-08 10:51:50
一时之间，尽然不知道他是不尊重上海场还是不尊重巴黎场……,0,0,64,2023-12-08 10:51:40
其实五月天不要硬说自己是摇滚乐队，根本就不会有这么多事。摇滚就是一个KEEP IT REAL，只要态度到位了，哪怕在台上唱飚了、唱岔了、唱不出来了、跟歌迷现场撕逼了……都不会有人拧着这事儿不放。说不假唱又唱成这样，又非要说自己摇滚精神……这就有亿点搞笑了。补充：小时候买过五月天的专辑，很喜欢《拥抱》和《盛夏光年》。非黑非吹。但属实觉得这事搞笑。,-1,0,2,2023-12-08 10:51:12
假唱比真唱好听假的比真的还要真,-1,0,2,2023-12-08 10:51:12
想要真唱，也只有梁静茹这种了。安安静静的在那里，除了唱就是唱。那种又唱又跳的，唱得与唱片一个水平，那叫周瑜打黄盖，一个愿骗，一个愿被骗。所以，判断真唱与否，也不用比声音频谱，直接看他们在舞台上的活泼程度。唱歌需要心肺功能好，跳舞也要。如果两者同时，对心肺功能的要求不是一般高。如果平时没有高强度的体能训练，绝对不可能。阿信在一次采访中说过，从不去健身房。但在演唱会前一段时间会跑步。再回头看一些演唱会，那么卖力的演出，其实只是表演，罢了。演戏的演。下一场纽约演唱会带一场气息稳的，也直播。你们看吗？,1,5,4,2023-12-08 10:50:53
来自度娘，巴黎海拔178m，上海2.19米众所周知，海拔越高，空气含氧量越低对吧对吧，一定是因为这个，上海可以又唱又跳毫不走音，对比之下，巴黎稳定站好气息不稳难道不是应该的嘛手动狗头,0,1,1,2023-12-08 10:50:12
娱乐圈：音是修的，唱是录的，图是P的，容是整的，CP是炒的，热搜是买的，挣钱是真的。,1,0,7,2023-12-08 10:47:42
E6算什么，人家自己认领F6了，你怕不怕？,-1,0,1,2023-12-08 10:46:57
瑟瑟（发抖）五月天,-1,0,0,2023-12-08 10:45:59
只要做对一次，就证明之前全是对的！摇滚的人生就是这么Easy！,1,0,3,2023-12-08 10:45:52
不懂就问，是巴黎地方法律不允许演唱会捶胸顿足，唱够10个E6么？不然怎么我们阿信都变文静了呢？   ,-1,0,7,2023-12-08 10:44:24
气息不稳是假唱之前都是真唱责任都在黑子，逼良为娼,-1,0,0,2023-12-08 10:43:54
看他那表情，再加一场就要进ICU骗保了   ,-1,0,4,2023-12-08 10:41:25
【五月天巴黎演唱会《我心中尚未崩坏的地方》-哔哩哔哩】 https://b23.tv/bi2WQAq2:54，3:24，4:55破音，不够气，降key，一开始水牛声，说句实话，我去广州随便找个驻场的，都不至于这么多瑕疵。哦，对了，这视频是五月天官方放出的，只需要不是失聪的，对比一下之前其他演唱会，都会知道五月天假唱了吧。当然了，部分粉丝除了嘴全身上下都软,1,0,1,2023-12-08 10:40:49
众所周知，巴黎的海拔比上海高，这是高原反应。,-1,1,5,2023-12-08 10:38:51
有没有医生来说说，他目前这个嗓子是不是可以告别歌坛了？我觉得这嗓子废了,1,9,68,2023-12-08 10:38:39
这个好像也不需要从什么专业角度来解读吧，唱不起来，气息不稳，看上去很累，音调有问题，没有用气、用嚎……这些表现一般人都能看出来，所以总结起来可能就是唱不动了吧。不管是年纪问题，还是身体问题，肯定都是有原因的。只是这个状态下还要坚持办演唱会，可能也是因为“生活所迫”，或者有其它苦衷。不过不管是什么原因，唱不了就只能接受唱不了，不开演唱会也有别的途径赚钱才对。冒险去做可能做不好的事、甚至弄虚作假，那肯定是不行的，毕竟现在的人也都不好糊弄了。所以真诚一点还是更保险的行为。比如只要是真唱，哪怕真唱的不那么完美，有瑕疵，大家可能也会接受，还会觉得辛苦，会体谅会理解会包容。但是假、就很难被接受。总之，五月天这次的问题还是有点悬，至少是口碑和印象分是打折扣了。是哪一个环节出了问题，他们自己最清楚。不管这事结果如何，反正他们在粉丝和网友的心里，还是留下了膈应的记忆。即使经济或利益问题不受损，形象也受损了，对以后的发展肯定也是有影响的。因为不管有关部门最终给出什么答案，大众心里自己其实已经有了答案，所以不管答案是真是假，大众都会持怀疑的态度，所以这个结、五月天怕是一时半会打不开了。如此看来，不管哪一个行业，做事之前先做人，否则都是得不偿失……,0,22,248,2023-12-08 10:38:25
近日，知名摇滚乐团五月天在巴黎演唱会上的表现引发了广泛关注。有网友指出，五月天在巴黎演唱会上真唱表现不佳，气息不稳，与以往演唱会版本对比明显。此前，五月天曾被质疑在上海演唱会上存在假唱现象。针对这一质疑，五月天所属唱片公司相信音乐已回应称“没有假唱”。　　在巴黎演唱会上，五月天的表现引发了观众对真唱与假唱的讨论。有网友表示，五月天在演唱会上气息不稳，高音全靠嚎，被批评为“难听”。另一方面，有网友认为，五月天在演唱会上的表现与之前相比有很大差距，质疑其是否因为唱不动而选择假唱。　　针对五月天在巴黎演唱会上的表现，有观众表示希望五月天能够保持真唱，减少垫音，多加练习唱功。同时，也有观众表示理解，认为五月天在演唱会上的表现可能受到多种因素影响，如现场环境、体力等。五月天巴黎演唱会真唱气息不稳 网友：好家伙，之前假唱实锤了期货开户：期货开户选择期货公司，手续费和保证金如何判断？交返92%申请、交易通道速度详解。期货开户：为什么股票天天跌大家选择推荐做期货,1,0,0,2023-12-08 10:37:36
五月天真唱假唱成了罗生门事件，普通消费者其实真的分辨不出来，又如何能从专业角度解读。这对于消费者要求太高了。这年头造假不新鲜，假酒假烟挺常见的，但连演唱会都造假着实有点想不通，只能说有些艺人被惯坏了。明星艺人一场演唱会的收入是普通人穷其一生都难以达到的财富目标，除了经纪人和演出机构的工作外，艺人要做的只是到现场唱歌。唱着歌就把钱赚了，这工作够轻松了吧，尽管如此还是陆续出现了一些假唱事件。艺人为什么要假唱，原因无非两个，一是资本利益驱动，疲劳作战；二是店大欺客，欺负消费者。高人气的演唱会，收益自然也是超高，据说五月天这次上海演唱会他们基本上是每天进账1个亿，这么强大的利益驱动下，难怪他们的演唱会都是一开就好几天。而且还是巡回演唱会，各个大城市之间轮流进行。对于艺人来说，搞演唱会跟录音棚里唱是两码事，演唱会是最费气力的，能撑下一场三个小时左右的演唱会，非常了不得了，一唱至少三四天，即便再有实力，嗓子再好，也有疲惫的时候。累了唱不动了怎么办，有的会改期，比如去年薛之谦因为感冒发烧，临时宣布退票，调整了演唱会的日期。有的选择偷工减料，假唱充数。敢假唱的艺人都是自带流量的大明星，仗着顶流的品牌人气，不发愁票房和观众，所到之处粉丝趋之若鹜，奉若神明，没人会怀疑他们假唱，而他们利用粉丝的心理就开始糊弄了。反正舞台那么大，那么远，现场那么嘈杂，一般人根本看不出来，也听不出来。如何验证假唱呢？据说用音频波纹进行重合度比对（包括音准重合度、某句话长度等），以及同一首歌在不同演唱会场次中的波纹重合度比对可以做到。把录音波形放大到一定程度，通常不可能有任何两次演唱的波形是完全一样的。波形和指纹一样无法因巧合而雷同，一般来说只能是同一次演唱的波形才会。消费者太难了，这年头看场演唱会都得防着造假。,1,0,19,2023-12-08 10:36:32
宁愿听到他们破音，也不想现场听CD。如果所有歌手都靠粉丝经济，那真是劣币驱逐良币。——前五月天粉丝,-1,7,23,2023-12-08 10:35:51
自己打自己脸可还行,-1,0,1,2023-12-08 10:35:17
测出F6好笑程度50%。本人亲自认领好像程度再加50%！带着伴奏测音高，那我在音响放过F6的蜂鸣，我在旁边唱一首 江南style我也F6了,1,9,70,2023-12-08 10:35:07
不专业，不解读，纯吐槽。他不是气息不稳，而是他要真唱，就是这个p样子，从来，一直都是。他的歌全部都是要经过大量修音的，从他们出道的时候就是这样。往小了说，垫音，半开麦，糊弄观众，提纯粉丝。往大了说，诈骗岛特色。头一次见开个演唱会开出悲壮感的。,-1,29,361,2023-12-08 10:31:13
假唱没跑了，毕竟E6高音可以不用话筒都唱出声,-1,0,7,2023-12-08 10:31:05
摇滚本来没精神，不知道谁整出了个什么摇滚精神。我不是什么摇滚爱好者从来不是。我是好音乐欣赏者，只要是好歌好音乐，我就会为其鼓掌，管他X的是不是摇滚？所以，我为朴树点赞，为罗大佑点赞，为李志点赞为保罗西蒙点赞，为猫王点赞。为黄群黄众点赞。还有人在摇滚音乐会上挑气息，这种做法就属于扯淡中的战斗机了。摇滚虽然不存在什么精神，但是摇滚不是玩儿的就是那个热闹，那个嗨劲儿吗？咋这都成了吐槽的槽点了？,1,23,15,2023-12-08 10:29:43
一唱就大口换气耸肩。但是不影响会去听他们的歌,1,0,2,2023-12-08 10:29:14
热知识，五月天全队平均年龄在五十岁左右了，一群年近半百的中年人，唱跳还能有多好的体力？我更倾向于他们属于半真半假的唱，不是说完全不唱，是一直唱身体吃不消了,1,13,1,2023-12-08 10:29:09
我相信去看五月天的人都是为了情怀，有几个在乎他到底是不是假唱的，出道26年了，你难道还要求他们跟以前一个音色？假唱几首又有什么关系呢，只是有些人为了获取流量在这计较真假罢了。换句话说如果一场演唱会20首歌全开麦真唱，把高音部分对着观众那又有什么意思呢？且看且珍惜吧 ,-1,27,4,2023-12-08 10:29:05
说切让肉上7SSRP投诉平铺图去7prp777rpr他87777777777777777777788877,0,0,0,2023-12-08 10:28:29
事实上，如果是一场长时间的演唱会，歌手出现气息不稳是很正常的事。再加上，五月天原本就是又唱又跳类型的歌手，随着动作的舞动，更容易出现气息不稳。但这恰恰说明是真唱。因为只有真唱，才有可能出现这种气息不稳的状态。在现场演唱的过程中，受环境、身体、还有音响各个方面的影响，歌手的发挥不可能从头到尾一样完美，而有波动，才是正常的。那么，五月天在巴黎演唱会出现气息不稳，也或者可以证明，上海演唱会的“完美”其实就是一场假唱。虽然不会是全部假唱，但有专业人士指出，至少有一半的歌是假唱的。一半啊，不少了！特别是高音部分，如果是现场，吼不上去是会破音的，但若是假唱，就不会出现破音，反倒会很顺畅。上海演唱会，是主办方想要“完美”；或者，是五月天太过轻视国内的歌迷？可若是没有国内歌迷的抗议，五月天会在巴黎演唱会上真唱吗？或者依然是延续上海演唱会的风格，又或者是他们的情绪就不会受上海演唱会的影响，从而能发挥好的状态来真唱？这个还真没法说。但无疑的是，巴黎演唱会的五月天状态，与上海演唱会是明显不同的。所以上海演唱会到底是不是假唱，或者也就有了一个呼之欲出的答案了。说到底还是那句话，真实有瑕疵不是错，毕竟人无完人。但若是把歌迷当“傻瓜”一样糊弄，又或者是国内与同外的区别对待，似乎就不是那么明智的一件事情了。你说呢？,0,4,23,2023-12-08 10:23:51
你拿巴黎这场和他之前上海的比一下，比较一下他的互动幅度、话筒到嘴的距离，还有最后出来的声音效果，完完全全就是两个截然不同的水平，更坐实了他之前的假唱,1,17,684,2023-12-08 10:23:44
在巴黎唱歌到时候，阿信只能全场不动地唱，而且一直换气抖肩，那个使劲让我觉得他是真的再唱歌，而在泉州的时候，他唱的轻轻松松，而且还能一边跳舞一边高歌。差别这么大，你让我觉得他是不是在假唱。老实说，我并非音乐专业人士，所以不太懂音乐，同时也是没有直接观看巴黎的直播。所以不能判断他是不是真的当场把10拍E6唱出来。我只能根据他的神态判断他是否可能假唱。在巴黎的演唱会中，阿信唱唱得拼了唱的特别用力，而且嘴型和音完美贴合，由此能判断他大概率是真唱。五月天其他演唱会是不是真的在假唱，需要音乐领域专业人士进行判断，行外人不好说。这里只能通过我自己的专业知识，给网友们做普法宣传。五月天但就现在的行为来说能不能追究刑事责任，不好判断，但是的确可能面领其他领域的处罚。在假唱领域如果要获得刑事处罚，大概只能是诈骗罪。即拿了歌迷的钱，但是没有区别唱歌。可见，五月天有唱歌的行为，在刑法上就难以成立诈骗罪。所以我们还得专研《营业性演出管理条例》，把里面的处罚执行到位，才能制止假唱的歪风邪气。不管怎么说，疫情放开之后，演唱会作为大型娱乐项目，能创造很多经济利益，各地都想分一杯羹，一个周末就能创造十几亿体量经济，还能带起旅游业，周边行业。因此，我们更要严格约束歌手，杜绝假唱。,-1,2,2,2023-12-08 10:21:07
   从假唱的热搜，到信发文，又到巴黎直播演唱会…我自己很少听五月天的歌，周围朋友是五月天粉丝的不少。这次看到很多网络上的粉丝说，他们唱那么多场很辛苦，假唱也能原谅。我当时的想法就是，上海连开8场，是大家逼他们开的吗？一场的收入赶得上普通民众一年的收入了吧。如果没有那个能力，就不要吃这碗饭。对内娱的明星，演员也好，歌手也罢。我们真的对他们太宽容。看了网上的视频，真心唱的不咋地。,0,16,25,2023-12-08 10:16:33
巴黎场的离开地球表面，全程站在原地不动，疯狂换气耸肩对比之下我看的泉州场他为什么可以蹦蹦跳跳 JUMP完整首的？,-1,66,854,2023-12-08 10:14:10
给你们公关团队建议啊，其他的什么公关声明啥的其实都没必要，什么演唱会直播都没必要，自己真的“有实力”“能10拍e6”，你这样，你们团队紧急联系一下：湖南卫视《我是歌手》，运作一下作为首发歌手，第一首歌就是这个《我心中尚未崩坏的地方》，毕竟一期只唱一首歌，应该也许大概可能努努力还可以。但是要是“运气不好”一轮游，额，额，额，应该也不算什么坏事，对吧,1,3,8,2023-12-08 10:10:37
巴黎场真唱≠之前场真唱,-1,14,88,2023-12-08 10:09:01
我从一个不专业的角度来解读一下。咱们公平一点让陈信宏休息八个月，然后去巴黎连开八场，给大家看看他第八场还是一样的稳 ,1,3,67,2023-12-08 10:07:52
他们但凡重新录一个版本，音稍微修下就行，保留点瑕疵，都不会那么快露馅。现在是真把人当傻子，拿十几二十年前唱的版本来假唱/接唱，导致一首歌前面声音很苍老，然后副歌又变少年音，后面又变大叔音，都不用看视频鉴别，光听都能听出来了呢 。,0,4,46,2023-12-08 10:05:06
但凡粉了他三年以上的人都知道现场唱功一般，陈信宏之前唱歌什么调我们不知道嘛？我南京场50多岁的妈放录像都听得出来哪里开始假唱了，巴黎当然和其他的都不一样咯。,-1,7,5,2023-12-08 10:03:10
用一场真唱来证明之前全是假唱，这就是摇滚精神！！！,0,166,3768,2023-12-08 10:01:44
巴黎这一唱，乐坛E6的神得休息好几个星期了吧话说，这场好像少了很多蹦蹦跳跳，乖乖的站在台上，结果还是跑调了，我还是选择行走的CD吧,-1,2,28,2023-12-08 10:00:51
按照陈信宏之前所说，每次唱这足10拍E6的高音，总是跪足捶地，仿佛如此，才能跟自己确认，抵达了至高的山巅。当然，每次的嘶吼，每一场，每一声，都来自于我依赖了24年的嗓子。除了真唱，否则没有其他感动你的方式。那么这次五月天巴黎演唱会中阿信的气息不稳是否对于高音唱起来有一定的难度了，毕竟上海演唱会的气息是非常均匀的，而且是又蹦又跳活力无限的，这两者到底为什么会出现如此的反差呢，难道因为地域的原因吗？所以到底上海演唱会五月天有没有假唱呢？这个才是我们关心的重点。其实在巴黎这个演唱会都目的就是证明自己的真唱能力没问题，但是显然专业的人还是可以听出来门道的，对于我们这些门外汉来说，也只是班门弄斧，但是听语感进行比较，这个还是可以的。上海文旅执法大队目前专家正在组织鉴定，我到是觉得可以参照一下巴黎这场演唱会进行一下对比，也许可以发现其中的相同点还有不同点，到底上海这边是不是假唱，我感觉很多人心理都已经有了自己的答案了，现在就看最终的鉴定结论是否和我们的的答案一致了。针对这次假唱事件可能出现的法律问题已经普遍的进行了普法，虽然有的时候一些律师说的有些极端，比如终身禁赛、比如涉嫌刑事犯罪，但是这些在满足一定条件下确实是有可能发生的。作为歌手，一定要对得起自己的歌迷和粉丝，对的起自己的这个职业，毕竟大众是他们的衣食父母，他们应该用自己的的专业和尽责给粉丝和消费者们贡献出优质的歌曲的现场的体验感。抵制假唱，希望这次可以起到一个警示的作用，敬畏之心要有的。,1,145,734,2023-12-08 09:56:54
法国曾入侵台湾1884年中法战争期间，法军攻打基隆、淡水，封锁台湾海峡，并占领澎湖，当时的台湾居民称这场战争为“西仔反”。,1,1,3,2023-12-08 09:53:43
我们走后，他们会给你们在演唱会上真唱，这不是因为他们热爱音乐或者良心发现，也不是因为他们变成了好人，而是因为我们来过。,1,27,779,2023-12-08 09:43:01
这场演唱会陈信宏唱得拼了老命似的，常用播碟曲目《伤心的人别听慢歌》《恋爱ING》《离开地球表面》这场不敢像以前蹦蹦跳跳了，演唱其它曲目会躲高音了，发高音终于音画同步了.陈信宏10E6指定曲目《我心中尚未崩坏的地方》就现场这种表现，唱起来随时破音，别说连开8场了，连开3场都要吸氧了...侧面佐证上海演唱会从听众角度判断是假唱,1,84,2224,2023-12-08 09:42:31
假新闻吧，唱10拍E6的人怎么可能气息不稳？哦，原来他这次是真唱。不知道是不是这几年新闻看的多了，发现现在假唱的报道也多了。记得大湾区晚会的时候，内地歌手一对比香港歌手，确实有点不够看。要知道香港“四天大王”时代，歌手赚钱渠道得靠卡带销量、演唱会上座率，要想让粉丝痛痛快快掏腰包，演唱者自身的“硬件设施”必须有保证。虽然他们唱现场时也可能会跑调、破音，但是绝不会假唱。因为此丑闻一旦曝出，粉丝就很难再买账，这相当于自毁前程。而现在不同了，唱片市场不再景气，歌手大多靠“走穴”、拼盘演出、接广告、上节目获得收入，靠的是粉丝经济。大部分粉丝是不会在意自己偶像有没有真唱的，只要远远的看到人就开始尖叫了。假唱也就从偷偷摸摸变成了理所当然。这意味了什么呢？就是演出效果成为歌手的首要考量。为了避免失误，歌手通常选择对口型假唱，走心一点的会放歌曲的现场预录，不走心的，则直接放棚录版本。几年前，孙楠就向媒体公开承认自己上的五次春晚有四次是假唱，据说都是出于电视台节目录制的需要。不过，有的歌手是被迫假唱。有的歌手虽然真唱了，但是电视台却为了节目播出效果，在后期处理中将音轨替换成了CD原声。这种情况，责任就不在于歌手，而在电视台。给出的理由也很简单——晚会嘛，求稳。因此，当惯了“晚会歌手”的明星，一般都会武功大废，慢慢地不敢真唱，习惯了假唱——这和很多爱美的素人们不用美图秀秀P照片，就不敢往朋友圈晒自拍是一个道理。像韩磊、韩红这样功成名就后还敢去《我是歌手》真刀真枪比划的，已经不多了。于是，当假唱者振振有词、理由多多时，真唱反倒成了一种“非主流”。,1,10,278,2023-12-08 09:42:14
纠结那破e6干嘛？问题不是假唱吗？,1,1,10,2023-12-08 09:38:11
我听了重庆24 上海16（刚好被锤的这场）巴黎我看的直播，我觉得其他还好，《诺亚方舟》不好听，唱跳少了些，但是《孙悟空》那里也在蹦，《干杯》大摆锤的动作做了，还行。总体来说，我觉得巴黎是真唱，现场差距有但是不是车祸现场。等官方。,-1,3,2,2023-12-08 09:33:40
真要像巴黎站那样唱，估计三场都坚持不了，更别说八场,1,19,181,2023-12-08 09:32:48
没有看直播的人，想着早早来知乎看笑话，结果发现大家想法都和我一样，你们这些人呀,1,2,71,2023-12-08 09:24:42
#五月天凌晨三点直播# 凌晨三点原因很简单 1️⃣方便天亮前修音，留够足够时间做手脚。那时候只能看录播 2️⃣国内都在睡觉，哪怕上热搜，热度也会很快下降。 3️⃣哪怕是熬夜看的国内人，也会由于很困，让他有机可乘。      （以上言论，均为调侃，认真你就输了） ​,-1,0,9,2023-12-08 09:24:30
我不懂音乐，也没看巴黎演唱会的直播，能不能告诉我一下，他在巴黎到底有没有把10拍E6唱出来，非常感谢,1,65,156,2023-12-08 09:23:38
